Device,Model,Type,IOS,BMN
al_router_01.1macu.remote.hms.cdw.com,C1111-4P,router,ARMV8EB_LINUX_IOSD-UNIVERSALK9_IAS-M16.6.3,1MACU
al_switch_01.1macu.remote.hms.cdw.com,WS-C3560V2-48PS,switch,C3560-IPBASEK9-M12.2(55)SE12,1MACU
beasertr1.1macu.remote.hms.cdw.com,ISR4431/K9,router,X86_64_LINUX_IOSD-UNIVERSALK9-M16.3.6,1MACU
aclu-dh-mpls01.aclu.remote.hms.cdw.com,CISCO1921/K9,router,C1900-UNIVERSALK9-M15.4(3)M,ACLU
aclu-dc-dmvpn01.aclu.remote.hms.cdw.com,CISCO2911/K9,router,C2900-UNIVERSALK9-M15.3(3)M,ACLU
aclu-sf-gw01.aclu.remote.hms.cdw.com,CISCO2911/K9,router,C2900-UNIVERSALK9-M15.4(3)M4,ACLU
aclu-dh-gw01.aclu.remote.hms.cdw.com,CISCO2911/K9,router,C2900-UNIVERSALK9-M15.5(3)M6a,ACLU
aclu-sf-exs-01.aclu.remote.hms.cdw.com,WS-C2960CG-8TC-L,switch,C2960c405ex-UNIVERSALK9-M15.2(2a)E1,ACLU
aclu-sf-sw01.aclu.remote.hms.cdw.com,WS-C2960X-24PS-L,switch,C2960X-UNIVERSALK9-M15.0(2)EX4,ACLU
aclu-dh-cr01.aclu.remote.hms.cdw.com,WS-C3560X-24P,switch,C3560E-UNIVERSALK9-M15.0(2)SE4,ACLU
aclu-dc-cr01.aclu.remote.hms.cdw.com,WS-C3750X-48,router,C3750E-UNIVERSALK9-M15.0(2)SE8,ACLU
aclu-ny-5-sw01.aclu.remote.hms.cdw.com,WS-C3650-48PS,router,CAT3K_CAA-UNIVERSALK9-M16.3.5b,ACLU
dc-cr-01.aclu.remote.hms.cdw.com,C9300-48UXM,router,CAT9K_IOSXE16.9.3,ACLU
aclu-dc-vgw01-b.aclu.remote.hms.cdw.com,ISR4331/K9,router,X86_64_LINUX_IOSD-UNIVERSALK9-M16.6.2,ACLU
grb-cahvsg01.amfam.remote.hms.cdw.com,VG310,router,VG3X0-UNIVERSALK9-M15.7(3)M6,AMFAM
ams-allynpntvg310.amsty.remote.hms.cdw.com,VG310,router,VG3X0-UNIVERSALK9-M15.7(3)M1,AMSTY
ams-ap32bisr4k1.amsty.remote.hms.cdw.com,ISR4431/K9,router,X86_64_LINUX_IOSD-UNIVERSALK9-M16.3.5,AMSTY
s-amtel-3560-fit-1.amtel.remote.hms.cdw.com,WS-C3560X-24,switch,C3560E-UNIVERSALK9-M15.2(4)E8,AMTEL
nyc-21st-stack-blue.antar.remote.hms.cdw.com,WS-C3850-48P,router,CAT3K_CAA-UNIVERSALK9-M16.6.2,ANTAR
s-appvi-4500-rsp-1.appvi.remote.hms.cdw.com,WS-C4500X-16,switch,cat4500e-UNIVERSALK9-M03.10.03.E,APPVI
belvg01.aptar.remote.hms.cdw.com,2821,router,C2800NM-ADVENTERPRISEK9-M15.1(4)M12a,APTAR
rtevrvoic01.aptar.remote.hms.cdw.com,CISCO2921/K9,router,C2900-UNIVERSALK9-M15.0(1)M4,APTAR
vgtrnvoi01.aptar.remote.hms.cdw.com,CISCO2911/K9,router,C2900-UNIVERSALK9-M15.2(2)T,APTAR
smenvoi01.aptar.remote.hms.cdw.com,CISCO2901/K9,router,C2900-UNIVERSALK9-M15.2(3)T,APTAR
vchigw01.aptar.remote.hms.cdw.com,CISCO2911/K9,router,C2900-UNIVERSALK9-M15.2(3)T2,APTAR
rctl2voi02.aptar.remote.hms.cdw.com,CISCO2921/K9,router,C2900-UNIVERSALK9-M15.3(1)T,APTAR
vgconvoi02.aptar.remote.hms.cdw.com,CISCO2921/K9,router,C2900-UNIVERSALK9-M15.4(1)T,APTAR
vglinvoi01.aptar.remote.hms.cdw.com,CISCO2951/K9,router,C2951-UNIVERSALK9-M15.2(1)T1,APTAR
vgstrvoi01.aptar.remote.hms.cdw.com,CISCO2951/K9,router,C2951-UNIVERSALK9-M15.2(2)T,APTAR
vg_324_fre.aptar.remote.hms.cdw.com,3845,router,C3845-SPSERVICESK9-M15.1(4)M12a,APTAR
rteigvoi01.aptar.remote.hms.cdw.com,CISCO3925-CHASSIS,router,C3900-UNIVERSALK9-M15.1(3)T,APTAR
vgcryvoi01.aptar.remote.hms.cdw.com,CISCO3925-CHASSIS,router,C3900-UNIVERSALK9-M15.1(4)M2,APTAR
rtboevoi01.aptar.remote.hms.cdw.com,CISCO3925-CHASSIS,router,C3900-UNIVERSALK9-M15.3(3)M,APTAR
facilities_trailer.archb.remote.hms.cdw.com,WS-C3560CX-8XPD-S,switch,C3560CX-UNIVERSALK9-M15.2(4)E2,ARCHB
509_room.archb.remote.hms.cdw.com,WS-C3850-24XU,router,CAT3K_CAA-UNIVERSALK9-M16.6.5,ARCHB
archbishop-4500x-core.archb.remote.hms.cdw.com,WS-C4500X-16,switch,cat4500e-UNIVERSALK9-M03.06.05.E,ARCHB
sin-voice-2911.argo.remote.hms.cdw.com,CISCO2911/K9,router,C2900-UNIVERSALK9-M15.1(4)M7,ARGO
por-sip-2921.argo.remote.hms.cdw.com,CISCO2921/K9,router,C2900-UNIVERSALK9-M15.7(3)M4b,ARGO
lon-sgs-pop-2951.argo.remote.hms.cdw.com,CISCO2951/K9,router,C2951-UNIVERSALK9-M15.1(2)T2,ARGO
sco-sip-2951.argo.remote.hms.cdw.com,CISCO2951/K9,router,C2951-UNIVERSALK9-M15.1(4)M6,ARGO
sfo-sip-2951.argo.remote.hms.cdw.com,CISCO2951/K9,router,C2951-UNIVERSALK9-M15.1(4)M7,ARGO
spr-sip-2951.argo.remote.hms.cdw.com,CISCO2951/K9,router,C2951-UNIVERSALK9-M15.2(4)M6a,ARGO
agii-du0101vgw01.argo.remote.hms.cdw.com,ISR4451-X/K9,router,X86_64_LINUX_IOSD-UNIVERSALK9-M15.5(3)S4b,ARGO
agii-eu0101vg01.argo.remote.hms.cdw.com,ISR4451-X/K9,router,X86_64_LINUX_IOSD-UNIVERSALK9-M16.3.3,ARGO
cdi-phx-internet-01.arte.remote.hms.cdw.com,CISCO2901/K9,router,C2900-UNIVERSALK9-M15.5(3)M7,ARTE
crosw07.arte.remote.hms.cdw.com,WS-C2950T-24,switch,C2950-I6Q4L2-M12.1(22)EA4,ARTE
crosw06.arte.remote.hms.cdw.com,WS-C2950T-24,switch,C2950-I6Q4L2-M12.1(22)EA9,ARTE
crosw04.arte.remote.hms.cdw.com,WS-C2960-48PST-L,switch,C2960-LANBASEK9-M12.2(55)SE12,ARTE
cdi-phx-3560x-01.arte.remote.hms.cdw.com,WS-C3560X-48,switch,C3560E-UNIVERSALK9-M15.2(4)E6,ARTE
crosw02.arte.remote.hms.cdw.com,WS-C3750-48P,router,C3750-IPBASEK9-M12.2(55)SE8,ARTE
cdi-phx-stack.arte.remote.hms.cdw.com,WS-C3750-48P,router,C3750-IPSERVICESK9-M12.2(55)SE8,ARTE
cdi-phx-cube-01.arte.remote.hms.cdw.com,CISCO3925-CHASSIS,router,C3900-UNIVERSALK9-M15.5(3)M6a,ARTE
crosw03.arte.remote.hms.cdw.com,C9300L-48P-4G,router,CAT9K_IOSXE16.11.1c,ARTE
aisnj-dmz.arte.remote.hms.cdw.com,C9200L-24T-4X,router,CAT9K_LITE_IOSXE16.9.4,ARTE
azpho01mmpls1.ashfi.remote.hms.cdw.com,ISR4331/K9,router,X86_64_LINUX_IOSD-UNIVERSALK9-M15.4(3)S6a,ASHFI
casaan21mwar1.ashfi.remote.hms.cdw.com,ISR4331/K9,router,X86_64_LINUX_IOSD-UNIVERSALK9-M15.5(2)S3,ASHFI
cacol01b1p0mmpls1.ashfi.remote.hms.cdw.com,ISR4431/K9,router,X86_64_LINUX_IOSD-UNIVERSALK9-M15.5(3)S6,ASHFI
aztem21mmpls1.ashfi.remote.hms.cdw.com,ISR4331/K9,router,X86_64_LINUX_IOSD-UNIVERSALK9-M16.12.3,ASHFI
flbra01b1p0mvpn1.ashfi.remote.hms.cdw.com,ISR4331/K9,router,X86_64_LINUX_IOSD-UNIVERSALK9-M16.3.2,ASHFI
r-shadow-msn-1.binc.net,2611XM,router,C2600-IPVOICE-M12.4(25c),BINC
s-pes-msn-1.binc.net,ME-3400EG-12CS-M,router,ME340x-METROACCESSK9-M12.2(60)EZ10,BINC
s-pes-msn-4.binc.net,ME-3400-24TS-A,router,ME340x-METROACCESSK9-M12.2(60)EZ2,BINC
s-pes-fit-1.binc.net,ME-3400EG-12CS-M,router,ME340x-METROACCESSK9-M12.2(60)EZ4,BINC
s-pes-chi-1.binc.net,ME-3400EG-12CS-M,router,ME340x-METROACCESSK9-M12.2(60)EZ9,BINC
s-pe-chi-1.binc.net,ME-3600X-24FS-M,router,ME360x-UNIVERSALK9-M15.5(3)S2,BINC
s-pe-fit-1.binc.net,ME-3600X-24TS-M,router,ME360x-UNIVERSALK9-M15.5(3)SN,BINC
ith2-idf-sw11.borgw.remote.hms.cdw.com,WS-C2960S-48FPS-L,switch,C2960S-UNIVERSALK9-M15.2(2)E6,BORGW
ith1-idf-sw01.borgw.remote.hms.cdw.com,WS-C2960X-48FPD-L,switch,C2960X-UNIVERSALK9-M15.2(4)E7,BORGW
lco-swi-sb-01.borgw.remote.hms.cdw.com,WS-C4948-10GE,router,cat4500-ENTSERVICESK9-M12.2(53)SG2,BORGW
lco-swi-mgmt-01.borgw.remote.hms.cdw.com,WS-C4948-10GE,router,cat4500-IPBASEK9-M12.2(54)SG,BORGW
c4510-vss.borgw.remote.hms.cdw.com,WS-C4510R+E,switch,cat4500es8-UNIVERSALK9-M03.10.03.E,BORGW
stb01ib-n1-stb04.brigg.remote.binc.net,AIR-AP1572EAC-B-K9,router,C1570-K9W7-M15.3(3)JA9,BRIGG
acn02ia-cmp01.brigg.remote.binc.net,WS-C2960S-48LPS-L,switch,C2960S-UNIVERSALK9-M15.0(2)SE12,BRIGG
acn01ia-03.brigg.remote.binc.net,WS-C2960S-24PS-L,switch,C2960S-UNIVERSALK9-M15.0(2)SE6,BRIGG
aau01ia-comproom-10.brigg.remote.hms.cdw.com,WS-C2960X-24PS-L,switch,C2960X-UNIVERSALK9-M15.0(2)EX5,BRIGG
aau01ia-comproom-01.brigg.remote.hms.cdw.com,WS-C2960X-24PS-L,switch,C2960X-UNIVERSALK9-M15.0(2a)EX5,BRIGG
ech01ia-internet-01.brigg.remote.binc.net,WS-C2960X-48FPS-L,switch,C2960X-UNIVERSALK9-M15.2(2)E,BRIGG
aub01ia-comprm-01.brigg.remote.binc.net,WS-C2960X-48FPS-L,switch,C2960X-UNIVERSALK9-M15.2(2)E5,BRIGG
aau01ia-poe3-01.brigg.remote.hms.cdw.com,WS-C2960X-48LPS-L,switch,C2960X-UNIVERSALK9-M15.2(2)E7,BRIGG
aau01ia-comproom-12.brigg.remote.hms.cdw.com,WS-C2960X-48FPS-L,switch,C2960X-UNIVERSALK9-M15.2(4)E6,BRIGG
aub01ia-edcntr-02.brigg.remote.binc.net,WS-C2960X-48FPD-L,switch,C2960X-UNIVERSALK9-M15.2(4)E8,BRIGG
mke01ia-whsev18-01.brigg.remote.binc.net,WS-C2960X-48FPS-L,switch,C2960X-UNIVERSALK9-M15.2(4)E9,BRIGG
afu01ia-01.brigg.remote.binc.net,WS-C2960X-48FPS-L,switch,C2960X-UNIVERSALK9-M15.2(6)E2,BRIGG
enl01ia-01.brigg.remote.binc.net,WS-C2960X-48FPS-L,switch,C2960X-UNIVERSALK9-M15.2(6)E3,BRIGG
mke07ic-01.brigg.remote.binc.net,WS-C3550-48,switch,C3550-IPSERVICESK9-M12.2(52)SE,BRIGG
aub01ia-287zone7-01.brigg.remote.binc.net,WS-C3560-12PC-S,switch,C3560-IPBASE-M12.2(46)SE,BRIGG
stb01ia-20.brigg.remote.binc.net,WS-C3560C-12PC-S,switch,C3560c405-UNIVERSALK9-M12.2(55)EX3,BRIGG
stb01ia-19.brigg.remote.binc.net,WS-C3560C-12PC-S,switch,C3560c405-UNIVERSALK9-M15.0(2)SE8,BRIGG
aau01ia-comproom-07.brigg.remote.hms.cdw.com,WS-C3560X-24P,switch,C3560E-UNIVERSALK9-M12.2(53)SE2,BRIGG
security-dvr-1.brigg.remote.binc.net,WS-C3750G-24T,router,C3750-IPBASEK9-M12.2(25)SEB2,BRIGG
mun02ic-01.brigg.remote.binc.net,WS-C3750G-24PS,router,C3750-IPSERVICESK9-M12.2(25)SED1,BRIGG
auk01ic-01.brigg.remote.binc.net,WS-C3750G-24PS,router,C3750-IPSERVICESK9-M12.2(55)SE12,BRIGG
mcd02ic-cl01-sw01.brigg.remote.binc.net,WS-C3750G-12S,router,C3750-IPSERVICESK9-M12.2(55)SE5,BRIGG
mcd01iw03.brigg.remote.binc.net,3825,router,C3825-ADVIPSERVICESK9-M12.4(24)T2,BRIGG
jef02ic01.brigg.remote.binc.net,WS-C3650-24PS,router,CAT3K_CAA-UNIVERSALK9-M03.03.03SE,BRIGG
efr01ic-01.brigg.remote.binc.net,WS-C3650-48PS,router,CAT3K_CAA-UNIVERSALK9-M03.03.04.SE,BRIGG
aau01ia-internet-01.brigg.remote.hms.cdw.com,WS-C3850-48T,router,CAT3K_CAA-UNIVERSALK9-M03.06.05E,BRIGG
mke01ic-ibm02.brigg.remote.binc.net,WS-C3650-48PS,router,CAT3K_CAA-UNIVERSALK9-M16.6.3,BRIGG
acn01ic01.brigg.remote.binc.net,WS-C4507R+E,switch,cat4500e-UNIVERSALK9-M03.04.04.SG,BRIGG
mke02ic-phone01.brigg.remote.binc.net,WS-C4507R+E,switch,cat4500e-UNIVERSALK9-M03.05.03.E,BRIGG
aub01ic01.brigg.remote.binc.net,WS-C4507R+E,switch,cat4500e-UNIVERSALK9-M03.06.03.E,BRIGG
aau01ic-01.brigg.remote.hms.cdw.com,WS-C4510R+E,switch,cat4500e-UNIVERSALK9-M03.06.08.E,BRIGG
acn02ic01.brigg.remote.binc.net,WS-C4507R+E,switch,cat4500e-UNIVERSALK9-M03.08.06.E,BRIGG
hde01ic-01.brigg.remote.hms.cdw.com,C9300-24P,router,CAT9K_IOSXE16.6.4,BRIGG
aub03ic-01.brigg.remote.hms.cdw.com,C9300-24P,router,CAT9K_IOSXE16.6.5,BRIGG
mke01iabc402588l.brigg.remote.binc.net,WS-CBS3012-IBM-I,router,CBS31X0-UNIVERSAL-M12.2(52)SE,BRIGG
mke01iablade05.brigg.remote.binc.net,OS-CIGESM-18TT-EBU,router,CIGESM-I6Q4L2-M12.1(22)EA9,BRIGG
mke03iv-vg204-01.brigg.remote.binc.net,VG204XM,router,VG20XXM-ADVIPSERVICESK9-M15.4(3)M4,BRIGG
mke03iv-vg204-02.brigg.remote.binc.net,VG204XM,router,VG20XXM-IPVOICE-M15.4(3)M3,BRIGG
aub01iv-vg224-01.brigg.remote.binc.net,VG224,router,vg224-I6K9S-M15.1(4)M12a,BRIGG
mke02ivg05.brigg.remote.binc.net,VG224,router,vg224-I6S-M15.1(4)M9,BRIGG
mke01inetgw-01.brigg.remote.binc.net,ASR1001,router,X86_64_LINUX_IOSD-UNIVERSAL-M15.3(3)S3,BRIGG
mke01iw-mpls02.brigg.remote.binc.net,ISR4451-X/K9,router,X86_64_LINUX_IOSD-UNIVERSALK9-M15.4(3)S3,BRIGG
mke01ivg02.brigg.remote.binc.net,ISR4331/K9,router,X86_64_LINUX_IOSD-UNIVERSALK9-M15.4(3)S5,BRIGG
aft-core-rtr.bunn.remote.hms.cdw.com,CISCO2921/K9,router,C2900-UNIVERSALK9-M15.4(3)M8,BUNN
cre-core-rtr.bunn.remote.hms.cdw.com,CISCO2951/K9,router,C2951-UNIVERSALK9-M15.4(3)M8,BUNN
spipbx1.bunn.remote.hms.cdw.com,CISCO3925-CHASSIS,router,C3900-UNIVERSALK9-M15.3(3)M10,BUNN
s-bww-mn-2071-1.bww.remote.hms.cdw.com,WS-C2960S-24PS-L,switch,C2960S-UNIVERSALK9-M15.0(2)SE10a,BWW
r-bww-1001-msp-2.bww.remote.hms.cdw.com,ASR1001,router,X86_64_LINUX_IOSD-UNIVERSALK9-M15.2(4)S5,BWW
3850-cantel-mn-cha3500-1.cantl.remote.hms.cdw.com,WS-C3850-24T,router,CAT3K_CAA-UNIVERSALK9-M16.6.6,CANTL
r-ccpb-1.ccpb.remote.binc.net,891,router,C890-UNIVERSALK9-M15.1(4)M7,CCPB
9500-core.ccss.remote.hms.cdw.com,C9500-16X,router,CAT9K_IOSXE16.9.2,CCSS
chrs-atslab-rt-01.cdwec.remote.hms.cdw.com,CISCO2921/K9,router,C2900-UNIVERSALK9-M15.7(3)M5,CDWEC
s-cmic-4500-fit-a.cmic.remote.hms.cdw.com,WS-C4500X-16,switch,cat4500e-UNIVERSALK9-M03.08.02.E,CMIC
albion-wan.cntry.remote.binc.net,CISCO1941/K9,router,C1900-UNIVERSALK9-M15.3(3)M10,CNTRY
bp-wan.cntry.remote.hms.cdw.com,CISCO1941/K9,router,C1900-UNIVERSALK9-M15.4(3)M3,CNTRY
bv-wan.cntry.remote.hms.cdw.com,CISCO1941/K9,router,C1900-UNIVERSALK9-M15.4(3)M8,CNTRY
mv-wan-ts.cntry.remote.binc.net,CISCO1941/K9,router,C1900-UNIVERSALK9-M15.5(3)M6,CNTRY
sw-roland-wan.cntry.remote.hms.cdw.com,CISCO1941/K9,router,C1900-UNIVERSALK9-M15.7(3)M1,CNTRY
mv-ccr-sw02.cntry.remote.binc.net,WS-C3850-12XS,router,CAT3K_CAA-UNIVERSALK9-M03.07.02E,CNTRY
berry-wan.cntry.remote.hms.cdw.com,ISR4221/K9,router,X86_64_LINUX_IOSD-UNIVERSALK9_IAS-M16.6.3,CNTRY
sims-wan.cntry.remote.hms.cdw.com,ISR4221/K9,router,X86_64_LINUX_IOSD-UNIVERSALK9_IAS-M16.9.4,CNTRY
co-cube-01.cosmo.remote.hms.cdw.com,ISR4331/K9,router,X86_64_LINUX_IOSD-UNIVERSALK9-M15.4(3)S8,COSMO
vg320_2503.crlc.remote.hms.cdw.com,VG320,router,VG3X0-UNIVERSALK9-M15.9(3)M1,CRLC
108-as01.cspf.remote.hms.cdw.com,C9300-48P,router,CAT9K_IOSXE16.10.1,CSPF
434-as01.cspf.remote.hms.cdw.com,C9200-24P,router,CAT9K_LITE_IOSXE16.10.1,CSPF
bald292101.dap.remote.hms.cdw.com,CISCO2921/K9,router,C2900-UNIVERSALK9-M15.0(1)M8,DAP
s-mgtp02-den-01.dcapps.remote.hms.cdw.com,C9200L-48T-4G,router,CAT9K_LITE_IOSXE16.9.2,DCAPPS
r-wanp02-msp-1.dcapps.remote.hms.cdw.com,ASR1001,router,X86_64_LINUX_IOSD-UNIVERSALK9-M15.5(3)S10,DCAPPS
dab-router-2911.dexco.remote.hms.cdw.com,CISCO2911/K9,router,C2900-UNIVERSALK9-M15.6(3)M8,DEXCO
dab_sw1_1_3.dexco.remote.hms.cdw.com,WS-C3750X-48P,router,C3750E-UNIVERSALK9-M15.0(2)SE9,DEXCO
dab_sw1-1-1.dexco.remote.hms.cdw.com,WS-C3850-48U,router,CAT3K_CAA-UNIVERSALK9-M03.03.05SE,DEXCO
msa-2063-sw1-1.dexco.remote.hms.cdw.com,WS-C4510R+E,switch,cat4500es8-UNIVERSALK9-M03.09.00.E,DEXCO
msa-2042-sw-2-1.dexco.remote.hms.cdw.com,WS-C4510R+E,switch,cat4500es8-UNIVERSALK9-M03.09.02.E,DEXCO
v-dfs-fit-1.dfs.remote.hms.cdw.com,CISCO1921/K9,router,C1900-UNIVERSALK9-M15.2(4)M5,DFS
lon-vgw-01.dsign.remote.hms.cdw.com,ISR4351/K9,router,X86_64_LINUX_IOSD-UNIVERSALK9-M16.3.8,DSIGN
us-eagan-gtw-e3x-1.ecola.remote.hms.cdw.com,CISCO3945-CHASSIS,router,C3900-UNIVERSALK9-M15.4(3)M7,ECOLA
1122-usnap-uccevg1-q8h.ecola.remote.hms.cdw.com,ISR4431/K9,router,X86_64_LINUX_IOSD-UNIVERSALK9-M15.5(3)S6b,ECOLA
glenbrookvoicegate.edm.remote.hms.cdw.com,2811,router,C2800NM-IPVOICEK9-M15.0(1)M4,EDM
lino_voicegate.edm.remote.hms.cdw.com,CISCO2921/K9,router,C2900-UNIVERSALK9-M15.1(2)T5,EDM
atlprigateway.edm.remote.hms.cdw.com,CISCO2911/K9,router,C2900-UNIVERSALK9-M15.3(3)M6,EDM
loyang20voicegate1.edm.remote.hms.cdw.com,CISCO2901/K9,router,C2900-UNIVERSALK9-M15.5(3)M6,EDM
c2911-rig-sip.edm.remote.hms.cdw.com,CISCO2911/K9,router,C2900-UNIVERSALK9-M15.6(3)M2,EDM
a96-612-voice-gw02.edm.remote.hms.cdw.com,CISCO2901/K9,router,C2900-UNIVERSALK9-M15.7(3)M2,EDM
loyang20cvg1.edm.remote.hms.cdw.com,CISCO3925-CHASSIS,router,C3900-UNIVERSALK9-M15.1(4)M4,EDM
loyang20cvg3.edm.remote.hms.cdw.com,VG204,router,VG20X-IPVOICE-M15.0(1)M8,EDM
loyang20cvg2.edm.remote.hms.cdw.com,VG224,router,vg224-I6S-M12.4(24)T7,EDM
atlanaloggate3.edm.remote.hms.cdw.com,VG310,router,VG3X0-UNIVERSALK9-M15.4(3)M3,EDM
atlanaloggate2.edm.remote.hms.cdw.com,VG310,router,VG3X0-UNIVERSALK9-M15.6(3)M,EDM
stm-voicegateway.edm.remote.hms.cdw.com,ISR4431/K9,router,X86_64_LINUX_IOSD-UNIVERSALK9-M15.5(2)S1c,EDM
atl-cube1.edm.remote.hms.cdw.com,ISR4321/K9,router,X86_64_LINUX_IOSD-UNIVERSALK9-M16.9.3,EDM
ch01-mainbldg-2951-vpls.endop.remote.hms.cdw.com,CISCO2951/K9,router,C2951-UNIVERSALK9-M15.1(4)M4,ENDOP
cra-b8mdf-2951-vpls.endop.remote.hms.cdw.com,CISCO2951/K9,router,C2951-UNIVERSALK9-M15.2(4)M2,ENDOP
mal-bamdf-2951-cube-1.endop.remote.hms.cdw.com,CISCO2951/K9,router,C2951-UNIVERSALK9-M15.4(3)M5,ENDOP
mal-garfl1-2960s-1.endop.remote.hms.cdw.com,WS-C2960S-48LPD-L,switch,C2960S-UNIVERSALK9-M15.0(2)SE,ENDOP
ch01-bmdc-2960x-failover-1.endop.remote.hms.cdw.com,WS-C2960S-48TD-L,switch,C2960S-UNIVERSALK9-M15.0(2a)SE9,ENDOP
mal-bamdf-3750-fw-failover.endop.remote.hms.cdw.com,WS-C3750X-48P,router,C3750E-UNIVERSALK9-M12.2(55)SE1,ENDOP
irvfb-dc-3750x-1.endop.remote.hms.cdw.com,WS-C3750X-48P,router,C3750E-UNIVERSALK9-M15.0(1)SE2,ENDOP
mal-bamdf-3750-1.endop.remote.hms.cdw.com,WS-C3750X-48P,router,C3750E-UNIVERSALK9-M15.0(2)SE,ENDOP
irvfb-dc-3750x-2.endop.remote.hms.cdw.com,WS-C3750X-48P,router,C3750E-UNIVERSALK9-M15.0(2)SE10a,ENDOP
ram1-idf132a-3750x-1.endop.remote.hms.cdw.com,WS-C3750X-48P,router,C3750E-UNIVERSALK9-M15.0(2)SE11,ENDOP
prk870-b08dc-3750x-fw-1.endop.remote.hms.cdw.com,WS-C3750X-48P,router,C3750E-UNIVERSALK9-M15.0(2)SE4,ENDOP
cra-b8idf1-3750x-1.endop.remote.hms.cdw.com,WS-C3750X-48P,router,C3750E-UNIVERSALK9-M15.0(2)SE5,ENDOP
ch01-bmdc-3750x-1.endop.remote.hms.cdw.com,WS-C3750X-24,router,C3750E-UNIVERSALK9-M15.0(2)SE6,ENDOP
prk870-b100idfch-3750x-1.endop.remote.hms.cdw.com,WS-C3750X-48P,router,C3750E-UNIVERSALK9-M15.2(4)E7,ENDOP
mon100-bmdf-3750x-1.endop.remote.hms.cdw.com,WS-C3750X-48P,router,C3750E-UNIVERSALK9NPE-M15.0(2)SE5,ENDOP
mon100-bdc-3925e-vpls.endop.remote.hms.cdw.com,CISCO3925-CHASSIS,router,C3900e-UNIVERSALK9-M15.2(4)M6,ENDOP
dub-bmdf-3925e-vpls.endop.remote.hms.cdw.com,CISCO3925-CHASSIS,router,C3900e-UNIVERSALK9-M15.2(4)M6a,ENDOP
hor102rr-bmdf-3925e-vpls.endop.remote.hms.cdw.com,CISCO3925-CHASSIS,router,C3900e-UNIVERSALK9-M15.4(3)M1,ENDOP
irvjm-dc-3925e-mpls-1.endop.remote.hms.cdw.com,CISCO3925-CHASSIS,router,C3900e-UNIVERSALK9-M15.6(3)M5,ENDOP
ch01-baidf1-3850-1.endop.remote.hms.cdw.com,WS-C3850-48P,router,CAT3K_CAA-UNIVERSALK9-M16.3.6,ENDOP
cra-b8mdf-4500x-vss-1.endop.remote.hms.cdw.com,WS-C4500X-16,switch,cat4500e-UNIVERSALK9-M03.06.00.E,ENDOP
irvfb-dc-4500x-vss-1.endop.remote.hms.cdw.com,WS-C4500X-16,switch,cat4500e-UNIVERSALK9-M03.06.04.E,ENDOP
prk870-b100idfph-4500x-vss-1.endop.remote.hms.cdw.com,WS-C4500X-32,switch,cat4500e-UNIVERSALK9-M03.06.06.E,ENDOP
ram6-idf2-4500x-vss-1.endop.remote.hms.cdw.com,WS-C4500X-16,switch,cat4500e-UNIVERSALK9-M03.07.00.E,ENDOP
irvgy-dc-4500x-vss-1.endop.remote.hms.cdw.com,WS-C4500X-16,switch,cat4500e-UNIVERSALK9-M03.07.01.E,ENDOP
ch01-bmdc-4500x-vss-1.endop.remote.hms.cdw.com,WS-C4500X-32,switch,cat4500e-UNIVERSALK9-M03.09.00.E,ENDOP
bac-vg01.epicm.remote.hms.cdw.com,CISCO2921/K9,router,C2900-UNIVERSALK9-M15.4(3)M3,EPICM
rsb-vg02.epicm.remote.hms.cdw.com,CISCO2921/K9,router,C2900-UNIVERSALK9-M15.4(3)M6a,EPICM
bsc-vg01.epicm.remote.hms.cdw.com,CISCO2951/K9,router,C2951-UNIVERSALK9-M15.6(3)M6a,EPICM
bac-vg224.epicm.remote.hms.cdw.com,VG224,router,vg224-I6S-M15.1(4)M10,EPICM
hib-vg310.epicm.remote.hms.cdw.com,VG310,router,VG3X0-UNIVERSALK9-M15.4(3)M4,EPICM
hsm-vg310.epicm.remote.hms.cdw.com,VG310,router,VG3X0-UNIVERSALK9-M15.6(3)M1,EPICM
ent-1-mdf-vg4k.epicm.remote.hms.cdw.com,ISR4351/K9,router,X86_64_LINUX_IOSD-UNIVERSALK9-M16.3.10,EPICM
ro011c01.ffarm.remote.binc.net,2811,router,C2800NM-ADVENTERPRISEK9-M12.4(15)T13,FFARM
ro030c01.ffarm.remote.binc.net,2811,router,C2800NM-ADVENTERPRISEK9-M12.4(15)T7,FFARM
rv011c01.ffarm.remote.binc.net,CISCO2911/K9,router,C2900-UNIVERSALK9-M15.1(4)M,FFARM
v-fishf-msp-2.fishf.remote.hms.cdw.com,CISCO1921/K9,router,C1900-UNIVERSALK9-M15.4(3)M5,FISHF
sfh-1921.fishf.remote.hms.cdw.com,CISCO1921/K9,router,C1900-UNIVERSALK9-M15.5(3)M7,FISHF
ebk-1921.fishf.remote.hms.cdw.com,CISCO1921/K9,router,C1900-UNIVERSALK9-M15.5(3)M8,FISHF
r-fore-dal-1.fore.remote.hms.cdw.com,CISCO2901/K9,router,C2900-UNIVERSALK9-M15.4(3)M1,FORE
ad-vpn-2911-1.frand.remote.hms.cdw.com,CISCO2911/K9,router,C2900-UNIVERSALK9-M15.4(3)M7,FRAND
ah-internet-sw-2960x-1.frand.remote.hms.cdw.com,WS-C2960X-24PS-L,switch,C2960X-UNIVERSALK9-M15.0(2)EX1,FRAND
ah-core-3850-1.frand.remote.hms.cdw.com,WS-C3850-24T,router,CAT3K_CAA-UNIVERSALK9-M03.06.04.E,FRAND
ec-asw-9200l-2.frand.remote.hms.cdw.com,C9200L-24P-4G,router,CAT9K_LITE_IOSXE16.9.3,FRAND
dr1-otv-rtr-1.frand.remote.hms.cdw.com,ASR1001-X,router,X86_64_LINUX_IOSD-UNIVERSALK9-M16.6.8,FRAND
atl-vg310-01.gdca.remote.hms.cdw.com,VG310,router,VG3X0-UNIVERSALK9-M15.9(3)M2,GDCA
atl-voiprtr-01.gdca.remote.hms.cdw.com,ISR4351/K9,router,X86_64_LINUX_IOSD-UNIVERSALK9-M16.12.4,GDCA
r-genes-msn-1.genes.remote.binc.net,1841,router,C1841-ADVIPSERVICESK9-M15.1(4)M4,GENES
r-genes-msn-2.genes.remote.binc.net,CISCO2911/K9,router,C2900-UNIVERSALK9-M15.4(1)T3,GENES
r-genes-dal-1.genes.remote.binc.net,CISCO2921/K9,router,C2900-UNIVERSALK9-M15.6(3)M6a,GENES
usfit-swi-3750-1.genus.remote.hms.cdw.com,WS-C3750X-48,router,C3750E-UNIVERSALK9-M12.2(55)SE10,GENUS
gbsta-rtr-3925-1.genus.remote.hms.cdw.com,CISCO3925-CHASSIS,router,C3900-UNIVERSALK9-M15.1(4)M7,GENUS
usfit-rtr-3925-1.genus.remote.hms.cdw.com,CISCO3925-CHASSIS,router,C3900e-UNIVERSALK9-M15.3(3)M7,GENUS
kybowgredrr1.gfs.remote.hms.cdw.com,C1111X-8P,router,ARMV8EB_LINUX_IOSD-UNIVERSALK9_IAS-M16.9.5,GFS
bcrichmabr1.gfs.remote.hms.cdw.com,CISCO1921/K9,router,C1900-UNIVERSALK9-M15.7(3)M5,GFS
denewardor1.gfs.remote.hms.cdw.com,CISCO1921/K9,router,C1900-UNIVERSALK9-M15.7(3)M6,GFS
flclewadrr1.gfs.remote.hms.cdw.com,C891F-K9,router,C800-UNIVERSALK9-M15.7(3)M6,GFS
abcalgadcr1.gfs.remote.hms.cdw.com,ISR4331/K9,router,X86_64_LINUX_IOSD-UNIVERSALK9-M16.9.5,GFS
wp-puertorico.gpi.remote.binc.net,CISCO2921/K9,router,C2900-UNIVERSALK9-M15.3(3)M5,GPI
wp-arvada.gpi.remote.binc.net,CISCO2921/K9,router,C2900-UNIVERSALK9-M15.4(3)M,GPI
wp-tampa.gpi.remote.binc.net,CISCO2921/K9,router,C2900-UNIVERSALK9-M15.6(2)T,GPI
wp-portland-sw2.gpi.remote.hms.cdw.com,WS-C2950-12,switch,C2950-I6K2L2Q4-M12.1(22)EA4,GPI
wp-charlotte-sw.gpi.remote.hms.cdw.com,WS-C2950-24,switch,C2950-I6K2L2Q4-M12.1(22)EA7,GPI
wp-syosset-sw2.gpi.remote.hms.cdw.com,WS-C2950-24,switch,C2950-I6Q4L2-M12.1(22)EA1,GPI
wp-costamesa-sw2.gpi.remote.hms.cdw.com,WS-C2950-24,switch,C2950-I6Q4L2-M12.1(22)EA10a,GPI
wp-costamesa-sw3.gpi.remote.hms.cdw.com,WS-C2960-24PC-L,switch,C2960-LANBASE-M12.2(44)SE2,GPI
wp-brea-sw6.gpi.remote.hms.cdw.com,WS-C2960-24PC-L,switch,C2960-LANBASE-M12.2(44)SE5,GPI
wp-menlopark-sw1.gpi.remote.hms.cdw.com,WS-C2960-24PC-L,switch,C2960-LANBASE-M12.2(44)SE6,GPI
wp-knox-sw2.gpi.remote.hms.cdw.com,WS-C2960-48PST-L,switch,C2960-LANBASEK9-M12.2(46)SE,GPI
wp-alexandria-sw.gpi.remote.hms.cdw.com,WS-C2960-24PC-L,switch,C2960-LANBASEK9-M12.2(50)SE4,GPI
edi-3560-01.gpi.remote.hms.cdw.com,WS-C3560-48PS,switch,C3560-IPBASE-M12.2(25)SEB1,GPI
wp-ral-asr.gpi.remote.binc.net,ASR1002,router,PPC_LINUX_IOSD-ADVENTERPRISEK9-M15.5(3)S7b,GPI
colodmz02.gtcr.remote.binc.net,WS-C3560X-24,switch,C3560E-UNIVERSALK9-M15.2(4)E7,GTCR
vg-224-01.gtcr.remote.binc.net,VG224,router,vg224-I6K9S-M15.1(4)M7,GTCR
ilch1vgw01.guart.remote.hms.cdw.com,CISCO3925-CHASSIS,router,C3900e-UNIVERSALK9-M15.7(3)M3,GUART
r-hcsinet-ord-1.hcs.remote.hms.cdw.com,ASR1002,router,PPC_LINUX_IOSD-ADVENTERPRISEK9-M15.5(3)S10,HCS
r-hcswan-ord-5.hcs.remote.hms.cdw.com,processor,router,PPC_LINUX_IOSD-UNIVERSALK9_NPE-M15.6(2)SP7,HCS
hrnainba-dmvpn-ca.hillr.remote.binc.net,CISCO1941/K9,router,C1900-UNIVERSALK9-M15.0(1)M7,HILLR
cvg-sc1m1-wr01.hillr.remote.hms.cdw.com,CISCO2901/K9,router,C2900-UNIVERSALK9-M15.2(2)T1,HILLR
eunlsc-dmvpn-r1.hillr.remote.binc.net,CISCO2911/K9,router,C2900-UNIVERSALK9-M15.4(3)M5,HILLR
ory-salm1-wr01.hillr.remote.hms.cdw.com,CISCO2951/K9,router,C2951-UNIVERSALK9-M15.1(4)M1,HILLR
r-hillr-bcn-1.hillr.remote.binc.net,CISCO2951/K9,router,C2951-UNIVERSALK9-M15.2(4)M5,HILLR
r-hillr-mty-2.hillr.remote.binc.net,CISCO2951/K9,router,C2951-UNIVERSALK9-M15.2(4)M7,HILLR
ewr-sc1m1-wr01.hillr.remote.binc.net,CISCO2951/K9,router,C2951-UNIVERSALK9-M15.4(3)M3,HILLR
arn-so1m1-wr01.hillr.remote.hms.cdw.com,CISCO2951/K9,router,C2951-UNIVERSALK9-M15.5(3)M6,HILLR
btv-traia-sw02.hillr.remote.hms.cdw.com,WS-C2960G-48TC-L,switch,C2960-LANBASEK9-M15.0(1)SE3,HILLR
hnd-so1m1-sw01.hillr.remote.hms.cdw.com,WS-C2960S-48FPS-L,switch,C2960S-UNIVERSALK9-M12.2(55)SE5,HILLR
btv-sewic-sw01.hillr.remote.hms.cdw.com,WS-C3560G-48PS,switch,C3560-IPBASEK9-M15.0(2)SE2,HILLR
btv-peiib-sw01.hillr.remote.hms.cdw.com,WS-C3560X-48P,switch,C3560E-UNIVERSALK9-M12.2(55)SE5,HILLR
btv-cwaia-sw01.hillr.remote.hms.cdw.com,WS-C3560X-48P,switch,C3560E-UNIVERSALK9-M15.0(2)SE,HILLR
waskar02e-s.hillr.remote.hms.cdw.com,WS-C3750G-48PS,router,C3750-IPBASEK9-M12.2(55)SE9,HILLR
szb-sc1m1-ms01.hillr.remote.hms.cdw.com,WS-C3750G-24PS,router,C3750-IPSERVICESK9-M12.2(55)SE9,HILLR
eunlsc-vg1.hillr.remote.hms.cdw.com,CISCO3945-CHASSIS,router,C3900-UNIVERSALK9-M15.4(3)M4,HILLR
btv-anxdc-wr01.hillr.remote.hms.cdw.com,CISCO3945-CHASSIS,router,C3900-UNIVERSALK9-M15.5(3)M6,HILLR
r-hillr-rdu-1.hillr.remote.binc.net,CISCO3925-CHASSIS,router,C3900e-UNIVERSALK9-M15.3(3)M10,HILLR
r-hillr-lrt-1.hillr.remote.binc.net,CISCO3925-CHASSIS,router,C3900e-UNIVERSALK9-M15.5(3)M10,HILLR
apsidc-dmvpn-1.hillr.remote.binc.net,CISCO3945-CHASSIS,router,C3900e-UNIVERSALK9-M15.5(3)M2,HILLR
r-hillr-erf-1.hillr.remote.hms.cdw.com,CISCO3925-CHASSIS,router,C3900e-UNIVERSALK9-M15.5(3)M7,HILLR
erf-so1m1-cvor1.hillr.remote.hms.cdw.com,C891FW-E-K9,router,C800-UNIVERSALK9-M15.4(3)M5,HILLR
hreuswgo-cvor1.hillr.remote.hms.cdw.com,C881W-E-K9,router,C800-UNIVERSALK9-M15.6(3)M6,HILLR
hrnancch-cvor1.hillr.remote.binc.net,SRST881,router,C880VOICE-UNIVERSALK9-M15.4(3)M5,HILLR
hrnainba-cvor4.hillr.remote.hms.cdw.com,891,router,C890-UNIVERSALK9-M15.1(2)T3,HILLR
namxmo-idfa-s1.hillr.remote.hms.cdw.com,WS-C3650-48PD,router,CAT3K_CAA-UNIVERSALK9-M03.06.00E,HILLR
dub-so1m1-ms01.hillr.remote.hms.cdw.com,WS-C3850-48U,router,CAT3K_CAA-UNIVERSALK9-M03.06.06E,HILLR
ein-so1m1-ms02.hillr.remote.hms.cdw.com,WS-C3850-48P,router,CAT3K_CAA-UNIVERSALK9-M03.07.03E,HILLR
mke-manm1-ms01.hillr.remote.hms.cdw.com,WS-C3850-24XS,router,CAT3K_CAA-UNIVERSALK9-M03.07.04E,HILLR
bos-engm1-ms01.hillr.remote.hms.cdw.com,WS-C3850-48U,router,CAT3K_CAA-UNIVERSALK9-M16.6.4,HILLR
waskar02a-r.hillr.remote.hms.cdw.com,WS-C4507R,switch,cat4500-ENTSERVICESK9-M15.0(2)SG8,HILLR
waskar02q-s.hillr.remote.hms.cdw.com,WS-C4507R,switch,cat4500-IPBASEK9-M12.2(31)SG,HILLR
btv-admia-sw01.hillr.remote.hms.cdw.com,WS-C4506-E,switch,cat4500e-LANBASEK9-M15.0(2)SG1,HILLR
btv-anxif-sw01.hillr.remote.hms.cdw.com,WS-C4506-E,switch,cat4500e-LANBASEK9-M15.0(2)SG3,HILLR
btv-traia-sw01.hillr.remote.hms.cdw.com,WS-C4506-E,switch,cat4500e-LANBASEK9-M15.1(1)SG,HILLR
btv-anxie-sw01.hillr.remote.hms.cdw.com,WS-C4506-E,switch,cat4500e-LANBASEK9-M15.2(2)E8,HILLR
ams-dcxak-ms01.hillr.remote.hms.cdw.com,WS-C4500X-32,switch,cat4500e-UNIVERSALK9-M03.04.00.SG,HILLR
chs-manm1-ms01.hillr.remote.hms.cdw.com,WS-C4506-E,switch,cat4500e-UNIVERSALK9-M03.04.05.SG,HILLR
ind-dcx23-ms01.hillr.remote.hms.cdw.com,WS-C4500X-32,switch,cat4500e-UNIVERSALK9-M03.11.01.E,HILLR
mty-manm1-ms01.hillr.remote.hms.cdw.com,WS-C4506-E,switch,cat4500es8-UNIVERSALK9-M03.03.02.XO,HILLR
tij-mania-sw01.hillr.remote.hms.cdw.com,WS-C4506-E,switch,cat4500es8-UNIVERSALK9-M03.08.01.E,HILLR
msp-manib-sw01.hillr.remote.hms.cdw.com,WS-C4506-E,switch,cat4500es8-UNIVERSALK9-M03.10.02.E,HILLR
ams-exem1-ms01.hillr.remote.hms.cdw.com,C9300-48U,router,CAT9K_IOSXE16.12.3a,HILLR
r-hillr-ams-1.hillr.remote.binc.net,ASR1002,router,PPC_LINUX_IOSD-ADVENTERPRISEK9-M15.4(3)S5a,HILLR
roc-dc1m1-wr02.hillr.remote.binc.net,ASR1001-X,router,X86_64_LINUX_IOSD-UNIVERSALK9-M15.5(1)S3,HILLR
ein-admm1-wr02.hillr.remote.hms.cdw.com,ISR4351/K9,router,X86_64_LINUX_IOSD-UNIVERSALK9-M15.5(3)S2,HILLR
sandiego-core.hughm.remote.hms.cdw.com,WS-C3560CX-8TC-S,switch,C3560CX-UNIVERSALK9-M15.2(3)E3,HUGHM
seattle-3560cx-core.hughm.remote.hms.cdw.com,WS-C3560CX-8TC-S,switch,C3560CX-UNIVERSALK9-M15.2(4)E3,HUGHM
hmsdvg1.hughm.remote.hms.cdw.com,ISR4321/K9,router,X86_64_LINUX_IOSD-UNIVERSALK9-M15.4(3)S4,HUGHM
sf-mpls.hughm.remote.hms.cdw.com,ISR4321/K9,router,X86_64_LINUX_IOSD-UNIVERSALK9-M16.8.1,HUGHM
salsw002.idsc.remote.hms.cdw.com,WS-C3750X-24P,router,C3750E-UNIVERSALK9-M12.2(55)SE5,IDSC
pdxsprtr01.idsc.remote.hms.cdw.com,CISCO3925-CHASSIS,router,C3900-UNIVERSALK9-M15.6(3)M8,IDSC
s-infra-den-1.infra.remote.hms.cdw.com,WS-C2960X-48TS-L,switch,C2960X-UNIVERSALK9-M15.2(7)E,INFRA
isg-br-cube-3945a.infsa.remote.hms.cdw.com,CISCO3945-CHASSIS,router,C3900e-UNIVERSALK9-M15.6(3)M7,INFSA
cisco-2911-telecom.jacen.remote.hms.cdw.com,CISCO2911/K9,router,C2900-UNIVERSALK9-M15.4(3)M2,JACEN
rivvgw01.keena.remote.hms.cdw.com,CISCO2951/K9,router,C2951-UNIVERSALK9-M15.5(3)M2,KEENA
kator-sw-in-04.keena.remote.hms.cdw.com,WS-C2960-24TT-L,switch,C2960-LANBASE-M12.2(25)SEE3,KEENA
kator-sw-in-03.keena.remote.hms.cdw.com,WS-C2960G-24TC-L,switch,C2960-LANBASE-M12.2(35)SE5,KEENA
kator-sw-dmz-01.keena.remote.hms.cdw.com,WS-C2960G-24TC-L,switch,C2960-LANBASEK9-M12.2(44)SE6,KEENA
kator-sw-in-01.keena.remote.hms.cdw.com,WS-C3560G-24TS,switch,C3560-IPBASE-M12.2(35)SE5,KEENA
oakland4507.keena.remote.hms.cdw.com,WS-C4507R+E,switch,cat4500e-UNIVERSALK9-M03.03.02.SG,KEENA
ied15vgw01.kerry.remote.hms.cdw.com,C1861-SRST-B/K9,router,C1861-SPSERVICESK9-M12.4(24)T8,KERRY
usaffvgw01.kerry.remote.hms.cdw.com,2851,router,C2800NM-ADVIPSERVICESK9-M15.1(4)M8,KERRY
brbrevgw01.kerry.remote.binc.net,CISCO2901/K9,router,C2900-UNIVERSALK9-M15.3(3)M2,KERRY
rumosvgw01.kerry.remote.hms.cdw.com,CISCO2951/K9,router,C2951-UNIVERSALK9_NPE-M15.3(3)M2,KERRY
brtcsvgw01.kerry.remote.binc.net,CISCO2951/K9,router,C2951-UNIVERSALK9-M15.3(3)M2,KERRY
brcpsvgw01.kerry.remote.binc.net,CISCO3925-CHASSIS,router,C3900-UNIVERSALK9-M15.3(3)M2,KERRY
usbelvga02.kerry.remote.binc.net,VG224,router,vg224-I6K9S-M15.1(4)M8,KERRY
r-timberpro-1161x-1.komat.remote.hms.cdw.com,C1161X-8PLTEP,router,ARMV8EL_LINUX_IOSD-UNIVERSALK9-M16.12.3,KOMAT
ca-edmonton-2951-voice.komat.remote.hms.cdw.com,CISCO2951/K9,router,C2951-UNIVERSALK9-M15.7(3)M7,KOMAT
dc-mgmt-sw-02.lfcru.remote.hms.cdw.com,WS-C2960S-48TS-L,switch,C2960S-UNIVERSALK9-M12.2(53)SE2,LFCRU
absw1.lfcru.remote.hms.cdw.com,WS-C2960X-48FPS-L,switch,C2960X-UNIVERSALK9-M15.2(2)E3,LFCRU
clsw1.lfcru.remote.hms.cdw.com,WS-C2960X-48FPD-L,switch,C2960X-UNIVERSALK9-M15.2(2)E4,LFCRU
airspace_atm.lfcru.remote.hms.cdw.com,C899G-LTE-VZ-K9,router,C800-UNIVERSALK9-M15.4(3)M9,LFCRU
cc1cc-3850.lfcru.remote.hms.cdw.com,WS-C3850-48P,router,CAT3K_CAA-UNIVERSALK9-M03.06.08E,LFCRU
cc4500x.lfcru.remote.hms.cdw.com,WS-C4500X-16,switch,cat4500e-UNIVERSALK9-M03.08.01.E,LFCRU
av02-w08-us-conf.lgima.remote.hms.cdw.com,WS-C3560CG-8TC-S,switch,C3560c405ex-UNIVERSALK9-M12.2(55)EX2,LGIMA
1s103m.lionc.remote.hms.cdw.com,WS-C3750X-48,router,C3750E-UNIVERSALK9-M15.2(4)E6,LIONC
1s210m.lionc.remote.hms.cdw.com,WS-C3850-48T,router,CAT3K_CAA-UNIVERSALK9-M16.6.4a,LIONC
v-lnxab-msn-1.lnxab.remote.binc.net,1841,router,C1841-ADVIPSERVICESK9-M15.1(4)M12a,LNXAB
v-lnxab-mke-1.lnxab.remote.binc.net,CISCO1921/K9,router,C1900-UNIVERSALK9-M15.0(1)M3,LNXAB
v-lnxab-ord-1.lnxab.remote.binc.net,CISCO1921/K9,router,C1900-UNIVERSALK9-M15.0(1)M5,LNXAB
s-lnxab-cdw-1.lnxab.remote.binc.net,WS-C2950G-24-EI,switch,C2950-I6Q4L2-M12.1(22)EA13,LNXAB
s-lnxab-msn-1.lnxab.remote.binc.net,WS-C2960G-24TC-L,switch,C2960-LANBASEK9-M15.0(2)SE11,LNXAB
s-lnxab-msp-2.lnxab.remote.binc.net,WS-C3550-24,switch,C3550-IPBASEK9-M12.2(44)SE6,LNXAB
rt-gs.lstb.remote.hms.cdw.com,CISCO2911/K9,router,C2900-UNIVERSALK9-M15.6(2)T1,LSTB
sw-el.lstb.remote.hms.cdw.com,SM-X-ES3-16-P,router,C3560E-UNIVERSALK9-M15.2(3)E1,LSTB
035-newhaven-2811-01.marcu.remote.hms.cdw.com,2811,router,C2800NM-IPVOICEK9-M12.4(24)T8,MARCU
051-minneapolis-2851.marcu.remote.hms.cdw.com,2851,router,C2800NM-SPSERVICESK9-M12.4(11)XW10,MARCU
021-portland-2851-01.marcu.remote.hms.cdw.com,2851,router,C2800NM-SPSERVICESK9-M15.0(1)M5,MARCU
063-memphis-2801.marcu.remote.hms.cdw.com,2801,router,C2801-IPVOICEK9-M12.4(24)T8,MARCU
016-austin-2911-01.marcu.remote.hms.cdw.com,CISCO2911/K9,router,C2900-UNIVERSALK9-M15.1(4)M4,MARCU
045-charleston-2911-01.marcu.remote.hms.cdw.com,CISCO2911/K9,router,C2900-UNIVERSALK9-M15.2(4)M2,MARCU
057-ventura-2921.marcu.remote.hms.cdw.com,CISCO2921/K9,router,C2900-UNIVERSALK9-M15.2(4)M6a,MARCU
006-dallas-2951-01.marcu.remote.hms.cdw.com,CISCO2951/K9,router,C2951-UNIVERSALK9-M15.2(4)M1,MARCU
037-chicago-2951-01.marcu.remote.hms.cdw.com,CISCO2951/K9,router,C2951-UNIVERSALK9-M15.7(3)M4a,MARCU
004-houston-3825-01.marcu.remote.hms.cdw.com,3825,router,C3825-IPVOICEK9-M12.4(22)YB,MARCU
002-sanfrancisco-3825-01.marcu.remote.hms.cdw.com,3825,router,C3825-SPSERVICESK9-M12.4(22)YB,MARCU
010-newportbeach-3825-01.marcu.remote.hms.cdw.com,3825,router,C3825-SPSERVICESK9-M15.1(4)M12a,MARCU
021-portland-7200.marcu.remote.hms.cdw.com,7204VXR,router,C7200-IS-M12.4(25f),MARCU
005-denver-2851.marcu.remote.hms.cdw.com,ISR4431/K9,router,X86_64_LINUX_IOSD-UNIVERSALK9-M15.5(3)S4a,MARCU
023-atlanta-3825-01.marcu.remote.hms.cdw.com,ISR4431/K9,router,X86_64_LINUX_IOSD-UNIVERSALK9-M15.5(3)S5,MARCU
001-paloalto-4431-01.marcu.remote.hms.cdw.com,ISR4431/K9,router,X86_64_LINUX_IOSD-UNIVERSALK9-M15.5(3)S7b,MARCU
ch1-91w.mayof.remote.hms.cdw.com,WS-C3560X-24P,switch,C3560E-UNIVERSALK9-M12.2(55)SE3,MAYOF
r-mena-vpn-1.mena.remote.hms.cdw.com,CISCO2921/K9,router,C2900-UNIVERSALK9-M15.1(4)M2,MENA
hqvg310.mena.remote.hms.cdw.com,VG310,router,VG3X0-UNIVERSALK9-M15.7(3)M7,MENA
lind-4331-dmvpn.mhtc.remote.hms.cdw.com,ISR4331/K9,router,X86_64_LINUX_IOSD-UNIVERSALK9-M15.5(3)S8,MHTC
rc-vg350-gw1.mnwil.remote.hms.cdw.com,VG350/K9,router,VG350-UNIVERSALK9-M15.6(3)M4,MNWIL
317-vg320-gw2.mnwil.remote.hms.cdw.com,VG320,router,VG3X0-UNIVERSALK9-M15.4(3)M9,MNWIL
317-vg320-gw1.mnwil.remote.hms.cdw.com,VG320,router,VG3X0-UNIVERSALK9-M15.6(3)M4,MNWIL
mwa-ilo-as1.mojav.remote.hms.cdw.com,WS-C2960X-48TD-L,switch,C2960X-UNIVERSALK9-M15.2(6)E,MOJAV
beloitmpls.morse.remote.hms.cdw.com,CISCO2901/K9,router,C2900-UNIVERSALK9-M15.7(3)M6,MORSE
freeport-comcast.morse.remote.hms.cdw.com,WS-C2960CX-8TC-L,switch,C2960CX-UNIVERSALK9-M15.2(7)E2,MORSE
e2960s-1.morse.remote.hms.cdw.com,WS-C2960S-48FPD-L,switch,C2960S-UNIVERSALK9-M15.2(2)E9,MORSE
b-2960x-1.morse.remote.hms.cdw.com,WS-C2960X-48FPD-L,switch,C2960X-UNIVERSALK9-M15.2(7)E2,MORSE
bf3560.morse.remote.hms.cdw.com,WS-C3560-48TS,switch,C3560-IPBASE-M12.2(25)SEB4,MORSE
b-iscsi-1.morse.remote.hms.cdw.com,WS-C3750X-24,router,C3750E-UNIVERSALK9-M15.2(4)E10,MORSE
b-3650-1.morse.remote.hms.cdw.com,WS-C3650-48TD,router,CAT3K_CAA-UNIVERSALK9-M16.9.5,MORSE
vgbr2a02.msmc.remote.hms.cdw.com,CISCO2911/K9,router,C2900-UNIVERSALK9-M15.6(3)M0a,MSMC
vgav1a002.msmc.remote.hms.cdw.com,CISCO3925-CHASSIS,router,C3900-UNIVERSALK9-M15.6(3)M0a,MSMC
noble-sw3-sj2.naes.remote.hms.cdw.com,WS-C4948E,router,cat4500e-ENTSERVICESK9-M15.2(2)E9,NAES
san-sw01-access.naes.remote.hms.cdw.com,WS-C4510R+E,switch,cat4500es8-UNIVERSALK9-M03.08.06.E,NAES
hou-sw01-core.naes.remote.hms.cdw.com,C9410R,router,CAT9K_IOSXE16.6.2a,NAES
ufo-vg01.naes.remote.hms.cdw.com,VG202XM,router,VG20XXM-ADVIPSERVICESK9-M15.4(3)M7,NAES
harper-mdf-2921.njt.remote.hms.cdw.com,CISCO2921/K9,router,C2900-UNIVERSALK9-M15.2(4)M5,NJT
harper-mdf-3850-1.njt.remote.hms.cdw.com,WS-C3850-48P,router,CAT3K_CAA-UNIVERSALK9-M16.3.7,NJT
s-nmih-fit-4.nmih.remote.binc.net,WS-C2960S-24TD-L,switch,C2960S-UNIVERSALK9-M15.2(2)E1,NMIH
ele-mdf-2911-vg-1.oaksc.remote.hms.cdw.com,CISCO2911/K9,router,C2900-UNIVERSALK9-M15.5(3)M5,OAKSC
oaksec2951-vg.oaksc.remote.hms.cdw.com,CISCO2951/K9,router,C2951-UNIVERSALK9-M15.5(3)M5,OAKSC
fre-bbr-vg310-1.oberg.remote.hms.cdw.com,VG310,router,VG3X0-UNIVERSALK9-M15.4(3)M7,OBERG
csa-chic-il-2800.ocena.remote.binc.net,2851,router,C2800NM-ADVENTERPRISEK9-M12.4(20)T5,OCENA
csa-buri-il-2821.ocena.remote.binc.net,2821,router,C2800NM-ADVIPSERVICESK9-M12.4(20)T5,OCENA
vg-ocena-ita-2.ocena.remote.hms.cdw.com,3825,router,C3825-ADVIPSERVICESK9-M12.4(20)T5,OCENA
vg-ocena-ita-1.ocena.remote.binc.net,3845,router,C3845-ADVIPSERVICESK9-M12.4(7d),OCENA
cama-mpls.omna.remote.binc.net,CISCO2951/K9,router,C2951-UNIVERSALK9-M15.5(3)M7,OMNA
tusrogers-mpls.omna.remote.binc.net,CISCO3925-CHASSIS,router,C3900-UNIVERSALK9-M15.5(3)M7,OMNA
n-rt-cmi-voip-a001.patte.remote.hms.cdw.com,CISCO3925-CHASSIS,router,C3900-UNIVERSALK9-M15.4(3)M3,PATTE
2960xr-closet-c.pcca.remote.hms.cdw.com,WS-C2960XR-48FPD-I,switch,C2960X-UNIVERSALK9-M15.2(2)E6,PCCA
2960-column-bc4.pcca.remote.hms.cdw.com,WS-C2960XR-48FPD-I,switch,C2960X-UNIVERSALK9-M15.2(6)E1,PCCA
pha-pen-tel-isr4331.pha.remote.hms.cdw.com,ISR4331/K9,router,X86_64_LINUX_IOSD-UNIVERSALK9-M16.6.5,PHA
nbkcodcvr-1.pota.remote.hms.cdw.com,CISCO3925-CHASSIS,router,C3900-UNIVERSALK9-M15.4(3)M8,POTA
prc-nj-gw-01.pripm.remote.hms.cdw.com,CISCO2911/K9,router,C2900-UNIVERSALK9-M15.1(4)M1,PRIPM
1stfloor.pripm.remote.hms.cdw.com,WS-C3750X-48P,router,C3750E-UNIVERSALK9-M12.2(53)SE2,PRIPM
scada-core81.pvsc.remote.hms.cdw.com,WS-C4507R+E,switch,cat4500es8-UNIVERSALK9-M03.08.07.E,PVSC
admin-core1.pvsc.remote.hms.cdw.com,C9500-40X,router,CAT9K_IOSXE16.9.1,PVSC
bhmb-1a-p1.rcrhi.remote.hms.cdw.com,CISCO3945-CHASSIS,router,C3900-UNIVERSALK9-M15.5(3)M5,RCRHI
bfmc-1a-r1.rcrhi.remote.hms.cdw.com,ISR4331/K9,router,X86_64_LINUX_IOSD-UNIVERSALK9-M16.6.7,RCRHI
rii-vg310-gw01.remax.remote.hms.cdw.com,VG310,router,VG3X0-UNIVERSALK9-M15.6(3)M5,REMAX
tkr01-ewlc-9120ax.remote.hms.cdw.com,C9120AXI-B,router,C9800-AP-K9_IOSXE-UNIVERSALK9-M16.12.3,REMOTE
mbus-oklahomacity-dmvpn-rtr1.reyes.remote.hms.cdw.com,C1111-8P,router,ARMV8EB_LINUX_IOSD-UNIVERSALK9_IAS-M16.9.1,REYES
mbus-orlando-vsat-rtr1.reyes.remote.hms.cdw.com,C1111-8P,router,ARMV8EB_LINUX_IOSD-UNIVERSALK9_IAS-M16.9.2,REYES
glccd-clarksville-rtr1.reyes.remote.hms.cdw.com,C1111-8P,router,ARMV8EB_LINUX_IOSD-UNIVERSALK9_IAS-M16.9.4,REYES
mbcan_calgary_dmvpn.reyes.remote.hms.cdw.com,C1111-8P,router,ARMV8EB_LINUX_IOSD-UNIVERSALK9_IAS-M16.9.6,REYES
mbus-enfield-rtr1.reyes.remote.hms.cdw.com,C1111-8P,router,ARMV8EL_LINUX_IOSD-UNIVERSALK9_IAS-M16.12.4,REYES
mbus-masoncity-rtr2.reyes.remote.hms.cdw.com,C1111-8P,router,ARMV8EL_LINUX_IOSD-UNIVERSALK9-M16.12.4,REYES
mbus-garner-rtr1.reyes.remote.hms.cdw.com,C1111-4P,router,ARMV8EL_LINUX_IOSD-UNIVERSALK9-M17.3.1a,REYES
rccb-ukiah-vgw1.reyes.remote.hms.cdw.com,2851,router,C2800NM-ADVENTERPRISEK9-M12.4(3b),REYES
mbus_edison_rtr.reyes.remote.hms.cdw.com,2821,router,C2800NM-SPSERVICESK9-M12.4(24)T8,REYES
mbus_coatesville_rtr1.reyes.remote.hms.cdw.com,CISCO2921/K9,router,C2900-UNIVERSALK9-M15.1(4)M3,REYES
rfs_twincities_rtr.reyes.remote.hms.cdw.com,CISCO2921/K9,router,C2900-UNIVERSALK9-M15.2(3)T4,REYES
rfs_cedarrapids_rtr.reyes.remote.hms.cdw.com,CISCO2921/K9,router,C2900-UNIVERSALK9-M15.2(4)M11,REYES
gdc1ipsla01.reyes.remote.hms.cdw.com,CISCO2911/K9,router,C2900-UNIVERSALK9-M15.2(4)M4,REYES
mbau-brisbane-rtr1.reyes.remote.hms.cdw.com,CISCO2921/K9,router,C2900-UNIVERSALK9-M15.2(4)M6,REYES
glccd-stcharles-rtr1.reyes.remote.hms.cdw.com,CISCO2921/K9,router,C2900-UNIVERSALK9-M15.2(4)M7,REYES
mbfr-fleury-rtr1.reyes.remote.hms.cdw.com,CISCO2921/K9,router,C2900-UNIVERSALK9-M15.3(3)M4,REYES
mbfr-aix-rtr1.reyes.remote.hms.cdw.com,CISCO2921/K9,router,C2900-UNIVERSALK9-M15.4(1)T2,REYES
glccd-marquette-rtr1.reyes.remote.hms.cdw.com,CISCO2921/K9,router,C2900-UNIVERSALK9-M15.5(3)M2,REYES
mbus_fairfield_rtr2.reyes.remote.hms.cdw.com,CISCO2921/K9,router,C2900-UNIVERSALK9-M15.5(3)M4a,REYES
rccb-santa-maria-vgw.reyes.remote.hms.cdw.com,CISCO2911/K9,router,C2900-UNIVERSALK9-M15.6(3)M5,REYES
glccd-alsip-rtr1.reyes.remote.hms.cdw.com,CISCO2921/K9,router,C2900-UNIVERSALK9-M15.7(3)M7,REYES
rfs_laxdc_voip_r1.reyes.remote.hms.cdw.com,CISCO2951/K9,router,C2951-UNIVERSALK9-M15.2(4)M6,REYES
rbg_washington_sw6.reyes.remote.hms.cdw.com,WS-C2960-24PC-L,switch,C2960-LANBASEK9-M12.2(55)SE5,REYES
rbg_chesapeake_sw4.reyes.remote.hms.cdw.com,WS-C2960-24PC-L,switch,C2960-LANBASEK9-M12.2(55)SE7,REYES
rfscinswitruk1.reyes.remote.hms.cdw.com,WS-C2960C-8PC-L,switch,C2960c405-UNIVERSALK9-M15.2(6)E,REYES
rbd-richmond-sw5.reyes.remote.hms.cdw.com,WS-C2960C-8PC-L,switch,C2960c405-UNIVERSALK9-M15.2(7)E2,REYES
glccd-niles-sw13.reyes.remote.hms.cdw.com,WS-C2960CX-8PC-L,switch,C2960CX-UNIVERSALK9-M15.2(4)E3,REYES
rfsnorswiclr7.reyes.remote.hms.cdw.com,WS-C2960S-24PS-L,switch,C2960S-UNIVERSALK9-M12.2(55)SE2,REYES
mbcan_calgary_sw5.reyes.remote.hms.cdw.com,WS-C2960S-48FPS-L,switch,C2960S-UNIVERSALK9-M12.2(55)SE8,REYES
perth_dc-sw2.reyes.remote.hms.cdw.com,WS-C2960S-F48FPS-L,switch,C2960S-UNIVERSALK9-M15.0(2)SE5,REYES
glccd-milwaukee-sw9.reyes.remote.hms.cdw.com,WS-C2960S-24PS-L,switch,C2960S-UNIVERSALK9-M15.2(1)E,REYES
mbau-sydney-mdf-s2.reyes.remote.hms.cdw.com,WS-C2960S-48LPS-L,switch,C2960S-UNIVERSALK9-M15.2(2)E5,REYES
mbuk-reading-sw1.reyes.remote.hms.cdw.com,SM-ES2-24,router,C2960SM-LANBASEK9-M12.2(52)EX1,REYES
rh_office_sw10ns1.reyes.remote.hms.cdw.com,WS-C2960X-48LPS-L,switch,C2960X-UNIVERSALK9-M15.2(7)E0a,REYES
rbg_chantilly_sw8.reyes.remote.hms.cdw.com,WS-C3560-48PS,switch,C3560-IPBASE-M12.2(25)SEE3,REYES
rbg_chantilly_sw2.reyes.remote.hms.cdw.com,WS-C3560-48PS,switch,C3560-IPBASEK9-M12.2(55)SE7,REYES
mbus_harriman_sw1.reyes.remote.hms.cdw.com,WS-C3560V2-48PS,switch,C3560-IPBASEK9-M12.2(58)SE2,REYES
glccd-chicago-sw4.reyes.remote.hms.cdw.com,WS-C3560-8PC,switch,C3560-IPBASEK9-M15.0(2)SE7,REYES
rfsepaswiserv60.reyes.remote.hms.cdw.com,WS-C3560-48PS,switch,C3560-IPSERVICES-M12.2(25)SEC,REYES
rfssfdswiwhs2.reyes.remote.hms.cdw.com,WS-C3560-48PS,switch,C3560-IPSERVICESK9-M12.2(50)SE,REYES
rfspitidfswi1.reyes.remote.hms.cdw.com,WS-C3560CX-8PC-S,switch,C3560CX-UNIVERSALK9-M15.2(3)E2,REYES
glccd-eagan-sw9.reyes.remote.hms.cdw.com,WS-C3560CX-8PC-S,switch,C3560CX-UNIVERSALK9-M15.2(4)E1,REYES
glccd-alsip-pr-mfg-sw1.reyes.remote.hms.cdw.com,WS-C3560CX-8PC-S,switch,C3560CX-UNIVERSALK9-M15.2(4)E5,REYES
glccd-detroit-sw5.reyes.remote.hms.cdw.com,WS-C3560CX-12PC-S,switch,C3560CX-UNIVERSALK9-M15.2(7)E2,REYES
mbus_fairfield_sw3.reyes.remote.hms.cdw.com,WS-C3560X-24P,switch,C3560E-UNIVERSALK9-M12.2(55)SE9,REYES
mbus_st_johns_sw10.reyes.remote.hms.cdw.com,WS-C3560X-24P,switch,C3560E-UNIVERSALK9-M15.2(1)E2,REYES
mbcan_vancouver_sw3.reyes.remote.hms.cdw.com,WS-C3560X-24P,switch,C3560E-UNIVERSALK9-M15.2(4)E10,REYES
rh-wpb-core-sw1.reyes.remote.hms.cdw.com,WS-C3750V2-48PS,router,C3750-IPSERVICESK9-M12.2(55)SE7,REYES
mbus_atlanta_vsw.reyes.remote.hms.cdw.com,WS-C3750X-48P,router,C3750E-IPBASEK9-M15.0(2)SE11,REYES
mbus_coatesville_sw1.reyes.remote.hms.cdw.com,WS-C3750X-48P,router,C3750E-UNIVERSALK9-M15.0(1)SE,REYES
mbus_manassas_vsw.reyes.remote.hms.cdw.com,WS-C3750X-48P,router,C3750E-UNIVERSALK9-M15.0(2)SE1,REYES
gdc2sw3750-s2.reyes.remote.hms.cdw.com,WS-C3750X-48P,router,C3750E-UNIVERSALK9-M15.2(2)E4,REYES
rh_9700_itsc_sw1.reyes.remote.hms.cdw.com,WS-C3750X-48P,router,C3750E-UNIVERSALK9-M15.2(4)E9,REYES
gdc1voip01.reyes.remote.hms.cdw.com,3845,router,C3845-ADVIPSERVICESK9-M15.1(4)M4,REYES
2821-rfs1.reyes.remote.hms.cdw.com,3845,router,C3845-ADVIPSERVICESK9-M15.1(4)M8,REYES
gdc2rtrmpls-02.reyes.remote.hms.cdw.com,CISCO3945-CHASSIS,router,C3900-UNIVERSALK9-M15.5(3)M4a,REYES
mbuk-parkroyal-rtr1.reyes.remote.hms.cdw.com,CISCO3945-CHASSIS,router,C3900e-UNIVERSALK9-M15.1(4)M4,REYES
mbau-sydneycolo-rtr1.reyes.remote.hms.cdw.com,CISCO3945-CHASSIS,router,C3900e-UNIVERSALK9-M15.7(3)M6,REYES
mbfr-lisses-rtr1.reyes.remote.hms.cdw.com,CISCO3945-CHASSIS,router,C3900e-UNIVERSALK9-M15.7(3)M7,REYES
rfs_louisville_dmvpn.reyes.remote.hms.cdw.com,C892FSP-K9,router,C800-UNIVERSALK9-M15.3(3)M10,REYES
mbfr-aix-dmvpn.reyes.remote.hms.cdw.com,C892FSP-K9,router,C800-UNIVERSALK9-M15.3(3)M6,REYES
rfs_mil-4g.reyes.remote.hms.cdw.com,C881-K9,router,C800-UNIVERSALK9-M15.4(3)M1,REYES
rccb-city-of-ind-dmvpn-rtr.reyes.remote.hms.cdw.com,C892FSP-K9,router,C800-UNIVERSALK9-M15.4(3)M4,REYES
mbcan-brampton-dmvpn-rtr1.reyes.remote.hms.cdw.com,C881-K9,router,C800-UNIVERSALK9-M15.5(3)M,REYES
rfs_twc_4g.reyes.remote.hms.cdw.com,C881-K9,router,C800-UNIVERSALK9-M15.6(2)T1,REYES
glccd-alpena-dmvpn-rtr.reyes.remote.hms.cdw.com,C881-K9,router,C800-UNIVERSALK9-M15.7(3)M4a,REYES
mbcan_calgary_dsl_dmvpn.reyes.remote.hms.cdw.com,881,router,C880DATA-UNIVERSALK9-M12.4(20)T6,REYES
rfs_neworleans_vsat.reyes.remote.hms.cdw.com,881,router,C880DATA-UNIVERSALK9-M15.1(1)T1,REYES
mbus_coatesville_4g_dmvpn.reyes.remote.hms.cdw.com,881,router,C880DATA-UNIVERSALK9-M15.2(1)T1,REYES
mbcan_montreal_dsl_dmvpn.reyes.remote.hms.cdw.com,881,router,C880DATA-UNIVERSALK9-M15.2(4)M3,REYES
mbbr-dmvpn-01.reyes.remote.hms.cdw.com,881,router,C880DATA-UNIVERSALK9-M15.2(4)M4,REYES
rfs_bowling_green_backup.reyes.remote.hms.cdw.com,881,router,C880DATA-UNIVERSALK9-M15.2(4)M5,REYES
rbg_summerville_4g_dmvpn.reyes.remote.hms.cdw.com,881,router,C880DATA-UNIVERSALK9-M15.2(4)M6,REYES
mbus_fridley_4g_dmvpn.reyes.remote.hms.cdw.com,881,router,C880DATA-UNIVERSALK9-M15.3(3)M,REYES
glccd-madison-dmvpn-rtr1.reyes.remote.hms.cdw.com,881,router,C880DATA-UNIVERSALK9-M15.4(3)M10,REYES
mbus_enfield_4g_dmvpn.reyes.remote.hms.cdw.com,881,router,C880DATA-UNIVERSALK9-M15.4(3)M9,REYES
mbmy-kuching-dmvpn-rtr1.reyes.remote.hms.cdw.com,892,router,C890-UNIVERSALK9-M15.2(4)M6,REYES
rfs-sho-backup.reyes.remote.hms.cdw.com,891,router,C890-UNIVERSALK9-M15.4(3)M9,REYES
rccb-sanleandro-wicks-core-sw1.reyes.remote.hms.cdw.com,WS-C3850-24S,router,CAT3K_CAA-UNIVERSALK9-M03.06.03E,REYES
mbcan-brampton-core-sw1.reyes.remote.hms.cdw.com,WS-C3850-12S,router,CAT3K_CAA-UNIVERSALK9-M16.12.3a,REYES
mbus-walker-core-sw1.reyes.remote.hms.cdw.com,WS-C3850-12S,router,CAT3K_CAA-UNIVERSALK9-M16.9.6,REYES
rh-office-sw1.reyes.remote.hms.cdw.com,WS-C4500X-16,switch,cat4500e-UNIVERSALK9-M03.04.02.SG,REYES
rh-gdc1-inetdsw01.reyes.remote.hms.cdw.com,WS-C4500X-16,switch,cat4500e-UNIVERSALK9-M03.11.00.E,REYES
rbd-monterey-core-sw1.reyes.remote.hms.cdw.com,C9500-16X,router,CAT9K_IOSXE16.12.02,REYES
mbus-atlanta-core-sw1.reyes.remote.hms.cdw.com,C9500-16X,router,CAT9K_IOSXE16.12.4,REYES
glccd-niles-core-sw1.reyes.remote.hms.cdw.com,C9500-16X,router,CAT9K_IOSXE16.9.4,REYES
mbnz-auckland_dc-sw1.reyes.remote.hms.cdw.com,C9200L-48P-4G,router,CAT9K_LITE_IOSXE16.12.02,REYES
mbau-melbourne_dc-sw1.reyes.remote.hms.cdw.com,C9200L-48P-4G,router,CAT9K_LITE_IOSXE16.12.3a,REYES
mbau-eqsy3-dzsw1.reyes.remote.hms.cdw.com,C9200L-24P-4X,router,CAT9K_LITE_IOSXE16.12.4,REYES
glccd-clarksville-core-sw1.reyes.remote.hms.cdw.com,C9200L-24P-4X,router,CAT9K_LITE_IOSXE16.9.5,REYES
rhgdc1rtrmpls-01.reyes.remote.hms.cdw.com,ASR1002,router,PPC_LINUX_IOSD-ADVIPSERVICESK9-M15.5(3)S1a,REYES
mbus-sumner-vg2.reyes.remote.hms.cdw.com,VG202XM,router,VG20XXM-ADVIPSERVICESK9-M15.9(3)M1,REYES
mbus-mccook-vg1.reyes.remote.hms.cdw.com,VG204XM,router,VG20XXM-IPVOICE-M15.9(3)M2,REYES
mbus-cid-vgw1.reyes.remote.hms.cdw.com,VG224,router,vg224-I6S-M12.4(22)T5,REYES
glccd-niles-vg1.reyes.remote.hms.cdw.com,VG224,router,vg224-I6S-M12.4(24)T8,REYES
glccd-alsip-pr-vg1.reyes.remote.hms.cdw.com,VG224,router,vg224-I6S-M15.1(4)M12a,REYES
gdc2rtrmpls-01.reyes.remote.hms.cdw.com,ASR1002-X,router,X86_64_LINUX_IOSD-UNIVERSALK9-M15.5(3)S1a,REYES
rh-msaz-csr01.reyes.remote.hms.cdw.com,CSR1000V,router,X86_64_LINUX_IOSD-UNIVERSALK9-M16.5.1b,REYES
rbd-napa-vgw1.reyes.remote.hms.cdw.com,ISR4331/K9,router,X86_64_LINUX_IOSD-UNIVERSALK9-M16.9.2,REYES
glccd-alpena-rtr1.reyes.remote.hms.cdw.com,ISR4331/K9,router,X86_64_LINUX_IOSD-UNIVERSALK9-M16.9.6,REYES
mbus-cid-rtr1.reyes.remote.hms.cdw.com,ISR4331/K9,router,X86_64_LINUX_IOSD-UNIVERSALK9-M17.3.1a,REYES
ri-2951.rise.remote.hms.cdw.com,CISCO2951/K9,router,C2951-UNIVERSALK9-M15.3(3)M3,RISE
ri-9300-mx01.rise.remote.hms.cdw.com,C9300-24U,router,CAT9K_IOSXE16.6.6,RISE
dr1-dist1.rxone.remote.hms.cdw.com,C9300-48T,router,CAT9K_IOSXE16.6.3,RXONE
p10-cube01.sabra.remote.hms.cdw.com,ISR4351/K9,router,X86_64_LINUX_IOSD-UNIVERSALK9-M16.3.7,SABRA
r040-cdw-mke1.safway.remote.hms.cdw.com,ISR4331/K9,router,X86_64_LINUX_IOSD-UNIVERSALK9-M15.5(1)S,SAFWAY
metchidhqvg01.salar.remote.hms.cdw.com,CISCO2951/K9,router,C2951-UNIVERSALK9-M15.4(3)M2,SALAR
sbw-wan-main.sbwi.remote.hms.cdw.com,ME-3400EG-2CS-A,router,ME340x-METROIPACCESSK9-M12.2(55)SE8,SBWI
pk1-rtr-p1.schwa.remote.hms.cdw.com,C1111-4P,router,ARMV8EB_LINUX_IOSD-UNIVERSALK9_IAS-M16.8.1,SCHWA
gb1-optosw-p1.schwa.remote.hms.cdw.com,WS-C3550-24,switch,C3550-I9Q3L2-M12.1(22)EA3,SCHWA
gb1-netmgmt-p1.schwa.remote.hms.cdw.com,WS-C3550-48,switch,C3550-IPSERVICESK9-M12.2(44)SE6,SCHWA
gb1-mgmt-p1.schwa.remote.hms.cdw.com,WS-C3560-24PS,switch,C3560-IPBASEK9-M12.2(55)SE9,SCHWA
gb1-idf5v-p0.schwa.remote.hms.cdw.com,WS-C3750V2-48PS,router,C3750-IPBASEK9-M12.2(55)SE12,SCHWA
gb4-mdf-p1.schwa.remote.hms.cdw.com,C9500-16X,router,CAT9K_IOSXE16.9.5,SCHWA
dm1-vg-204xm.schwa.remote.hms.cdw.com,VG204XM,router,VG20XXM-IPVOICE-M15.4(3)M9,SCHWA
bvl-wda-rtr.senre.remote.binc.net,CISCO1921/K9,router,C1900-UNIVERSALK9-M15.6(3)M7,SENRE
bvl-4331-rtr.senre.remote.binc.net,ISR4331/K9,router,X86_64_LINUX_IOSD-UNIVERSALK9-M16.9.4,SENRE
abc-3650.shedd.remote.hms.cdw.com,WS-C3650-48PD,router,CAT3K_CAA-UNIVERSALK9-M16.6.7,SHEDD
mdf-9300.shedd.remote.hms.cdw.com,C9300-48T,router,CAT9K_IOSXE16.6.7,SHEDD
glb-vg-r1.sji.remote.hms.cdw.com,CISCO2911/K9,router,C2900-UNIVERSALK9-M15.4(3)M9,SJI
cpm-vg-r1.sji.remote.hms.cdw.com,CISCO2911/K9,router,C2900-UNIVERSALK9-M15.5(3)M10,SJI
ac-r1.sji.remote.hms.cdw.com,ISR4331/K9,router,X86_64_LINUX_IOSD-UNIVERSALK9-M16.6.4,SJI
s-specb-msp-5.specb.remote.binc.net,WS-C4500X-32,switch,cat4500e-UNIVERSALK9-M03.08.07.E,SPECB
cfb2851-dsp-1.sysme.remote.hms.cdw.com,2851,router,C2800NM-IPVOICEK9-M12.4(24)T5,SYSME
thorn-vg01.thorn.remote.hms.cdw.com,ISR4431/K9,router,X86_64_LINUX_IOSD-UNIVERSALK9-M15.4(3)S7,THORN
con-fzn-mdf-int-rt3.tjoes.remote.hms.cdw.com,C1101-4PLTEP,router,ARMV8EL_LINUX_IOSD-UNIVERSALK9_IAS-M16.10.1b,TJOES
fon-ap45.tjoes.remote.hms.cdw.com,AIR-AP1242G-A-K9,router,C1240-K9W7-M12.4(10b)JA3,TJOES
fon-ap11.tjoes.remote.hms.cdw.com,AIR-AP1242G-A-K9,router,C1240-K9W7-M12.4(10b)JDA,TJOES
fon-ap01.tjoes.remote.hms.cdw.com,AIR-AP1242G-A-K9,router,C1240-K9W7-M12.4(10b)JDA3,TJOES
fon-ap03.tjoes.remote.hms.cdw.com,AIR-AP1242AG-A-K9,router,C1240-K9W7-M12.4(21a)JA1,TJOES
fon-ap38.tjoes.remote.hms.cdw.com,AIR-AP1242G-A-K9,router,C1240-K9W7-M12.4(25d)JA,TJOES
fon-ap32.tjoes.remote.hms.cdw.com,AIR-AP1242G-A-K9,router,C1240-K9W7-M12.4(25d)JA1,TJOES
traders-003pip-8887439e002.tjoes.remote.hms.cdw.com,2811,router,C2800NM-ADVSECURITYK9-M15.1(4)M7,TJOES
traders-303pip-3329423e002.tjoes.remote.hms.cdw.com,CISCO2901/K9,router,C2900-UNIVERSALK9-M15.1(1)T,TJOES
min-fzn-mdf-mpls-rt1.tjoes.remote.hms.cdw.com,CISCO2921/K9,router,C2900-UNIVERSALK9-M15.1(4)M5,TJOES
nw-mdf-int-rt2.tjoes.remote.hms.cdw.com,CISCO2901/K9,router,C2900-UNIVERSALK9-M15.1(4)M6,TJOES
irv-mdf-mpls-rt1.tjoes.remote.hms.cdw.com,CISCO2921/K9,router,C2900-UNIVERSALK9-M15.2(4)M3,TJOES
fon-mdf-int-rt2.tjoes.remote.hms.cdw.com,CISCO2921/K9,router,C2900-UNIVERSALK9-M15.4(1)T1,TJOES
traders-011pip-8097607e006.tjoes.remote.hms.cdw.com,CISCO2911/K9,router,C2900-UNIVERSALK9-M15.5(3)M,TJOES
nw-idf1-sw1.tjoes.remote.hms.cdw.com,WS-C2960-24PC-L,switch,C2960-LANBASEK9-M12.2(50)SE5,TJOES
str-0215-sw2.tjoes.remote.hms.cdw.com,WS-C2960-24LT-L,switch,C2960-LANBASEK9-M12.2(55)SE1,TJOES
str-0248-sw1.tjoes.remote.hms.cdw.com,WS-C2960+48PST-L,switch,C2960-LANBASEK9-M15.0(2)EZ,TJOES
nw-idf10-sw2.tjoes.remote.hms.cdw.com,WS-C2960-24PC-L,switch,C2960-LANBASEK9-M15.0(2)SE5,TJOES
str-0006-sw1.tjoes.remote.hms.cdw.com,WS-C2960+48PST-L,switch,C2960-LANBASEK9-M15.0(2)SE6,TJOES
str-0011-sw1.tjoes.remote.hms.cdw.com,WS-C2960+48PST-L,switch,C2960-LANBASEK9-M15.0(2)SE8,TJOES
str-0008-sw1.tjoes.remote.hms.cdw.com,WS-C2960+48PST-L,switch,C2960-LANBASEK9-M15.2(2)E6,TJOES
str-0073-sw1.tjoes.remote.hms.cdw.com,WS-C2960+48PST-L,switch,C2960-LANBASEK9-M15.2(2)E7,TJOES
str-0005-sw1.tjoes.remote.hms.cdw.com,WS-C2960+48PST-L,switch,C2960-LANBASEK9-M15.2(2)E8,TJOES
nw-idf2-sw1.tjoes.remote.hms.cdw.com,WS-C2960-48PST-S,switch,C2960-LANLITEK9-M12.2(50)SE5,TJOES
str-0403-sw1.tjoes.remote.hms.cdw.com,WS-C2960-48PST-S,switch,C2960-LANLITEK9-M12.2(55)SE10,TJOES
nw-idf9-sw2.tjoes.remote.hms.cdw.com,WS-C2960-48PST-S,switch,C2960-LANLITEK9-M12.2(55)SE5,TJOES
str-0019-sw1.tjoes.remote.hms.cdw.com,WS-C2960-24PC-S,switch,C2960-LANLITEK9-M15.0(2)SE5,TJOES
irv-idf18-sw1.tjoes.remote.hms.cdw.com,WS-C2960C-8PC-L,switch,C2960c405-UNIVERSALK9-M12.2(55)EX3,TJOES
min-idf13-sw1.tjoes.remote.hms.cdw.com,WS-C2960C-8PC-L,switch,C2960c405-UNIVERSALK9-M15.0(2)SE5,TJOES
con-idf15-sw1.tjoes.remote.hms.cdw.com,WS-C2960C-8PC-L,switch,C2960c405-UNIVERSALK9-M15.2(2)E7,TJOES
day-idf15-sw1.tjoes.remote.hms.cdw.com,WS-C2960C-8PC-L,switch,C2960c405-UNIVERSALK9-M15.2(3)E,TJOES
all-idf010-sw1.tjoes.remote.hms.cdw.com,WS-C2960CX-8PC-L,switch,C2960CX-UNIVERSALK9-M15.2(3)E2,TJOES
str-0706-tju-sw1.tjoes.remote.hms.cdw.com,WS-C2960CX-8PC-L,switch,C2960CX-UNIVERSALK9-M15.2(4)E6,TJOES
irv-idf17-sw1.tjoes.remote.hms.cdw.com,WS-C2960S-24PS-L,switch,C2960S-UNIVERSALK9-M12.2(55)SE10,TJOES
northwest-mdf-cs1.tjoes.remote.hms.cdw.com,WS-C2960S-48LPS-L,switch,C2960S-UNIVERSALK9-M12.2(55)SE3,TJOES
atf-idf1-sw1.tjoes.remote.hms.cdw.com,WS-C2960S-24PS-L,switch,C2960S-UNIVERSALK9-M12.2(55)SE7,TJOES
fon-idf04-sw1.tjoes.remote.hms.cdw.com,WS-C2960S-48FPS-L,switch,C2960S-UNIVERSALK9-M15.2(2)E4,TJOES
nw-idf8-sw1.tjoes.remote.hms.cdw.com,WS-C3560-24PS,switch,C3560-IPBASEK9-M12.2(55)SE1,TJOES
chi-mdf-int-rt2.tjoes.remote.hms.cdw.com,CISCO3925-CHASSIS,router,C3900-UNIVERSALK9-M15.3(3)M3,TJOES
day-fzn-mdf-mpls-rt1.tjoes.remote.hms.cdw.com,CISCO3925-CHASSIS,router,C3900-UNIVERSALK9-M15.4(3)M1,TJOES
traders-dallasdc2-5723883e005.tjoes.remote.hms.cdw.com,CISCO3925-CHASSIS,router,C3900-UNIVERSALK9-M15.4(3)M2,TJOES
traders-105lte-7557399e002.tjoes.remote.hms.cdw.com,C819G-4G-V-K9,router,C800-UNIVERSALK9-M15.2(4)M5,TJOES
traders-513lte-7399019e002.tjoes.remote.hms.cdw.com,C819G-4G-V-K9,router,C800-UNIVERSALK9-M15.3(3)M2,TJOES
str-0706-tju-hyda-park-rt1.tjoes.remote.hms.cdw.com,C819G-4G-V-K9,router,C800-UNIVERSALK9-M15.3(3)M3,TJOES
traders-525lte-7468165e002.tjoes.remote.hms.cdw.com,C819G-4G-V-K9,router,C800-UNIVERSALK9-M15.4(3)M8,TJOES
all-fzn-mdf-int-rt3.tjoes.remote.hms.cdw.com,C819G-4G-VZ-K9,router,C800-UNIVERSALK9-M15.5(2)T2,TJOES
day-mdf-int-rt3.tjoes.remote.hms.cdw.com,C819G-4G-VZ-K9,router,C800-UNIVERSALK9-M15.5(3)M4a,TJOES
lac-fzn-mdf-int-rt3.tjoes.remote.hms.cdw.com,C819G-4G-VZ-K9,router,C800-UNIVERSALK9-M15.5(3)M5,TJOES
str-0453-bkup-rtr2.tjoes.remote.hms.cdw.com,C819G-4G-VZ-K9,router,C800-UNIVERSALK9-M15.5(3)M8,TJOES
traders-779lte-26522081e005.tjoes.remote.hms.cdw.com,C819G-4G-VZ-K9,router,C800-UNIVERSALK9-M15.6(3)M4,TJOES
stk-fzn-mdf-4g-rt3.tjoes.remote.hms.cdw.com,C819G-4G-VZ-K9,router,C800-UNIVERSALK9-M15.7(3)M,TJOES
day-mdf-sw1.tjoes.remote.hms.cdw.com,WS-C3650-48PS,router,CAT3K_CAA-UNIVERSALK9-M03.03.05.SE,TJOES
all-idf01-sw1.tjoes.remote.hms.cdw.com,WS-C3650-48PD,router,CAT3K_CAA-UNIVERSALK9-M03.06.03.E,TJOES
all-mdf-sw1.tjoes.remote.hms.cdw.com,WS-C3650-48PD,router,CAT3K_CAA-UNIVERSALK9-M03.06.08.E,TJOES
chi-mdf-sw1-1.tjoes.remote.hms.cdw.com,WS-C3650-48PS,router,CAT3K_CAA-UNIVERSALK9-M03.07.05E,TJOES
dal-r1-c05-10gbsw1.tjoes.remote.hms.cdw.com,WS-C3850-12XS,router,CAT3K_CAA-UNIVERSALK9-M16.6.1,TJOES
all-core-sw1.tjoes.remote.hms.cdw.com,WS-C4500X-16,switch,cat4500e-UNIVERSALK9-M03.07.02.E,TJOES
con-fzn-idf01a-sw1.tjoes.remote.hms.cdw.com,C9300-48U,router,CAT9K_IOSXE16.6.2,TJOES
con-fzn-mdf-core-sw1.tjoes.remote.hms.cdw.com,C9500-40X,router,CAT9K_IOSXE16.6.2b,TJOES
bos-mdf-access-sw1.tjoes.remote.hms.cdw.com,C9300-48U,router,CAT9K_IOSXE16.8.1a,TJOES
las-107-oob-sw1.tjoes.remote.hms.cdw.com,C9200-48T,router,CAT9K_LITE_IOSXE16.11.1,TJOES
stk-fzn-mdf-dmz-sw1.tjoes.remote.hms.cdw.com,C9200-24T,router,CAT9K_LITE_IOSXE16.12.1,TJOES
bos-vg310-01.tjoes.remote.hms.cdw.com,VG310,router,VG3X0-UNIVERSALK9-M15.6(3)M3a,TJOES
dal-r1-c05-ir1.tjoes.remote.hms.cdw.com,ASR1001-X,router,X86_64_LINUX_IOSD-UNIVERSALK9-M15.4(3)S2,TJOES
dal-r1-c05-rt3.tjoes.remote.hms.cdw.com,ASR1001,router,X86_64_LINUX_IOSD-UNIVERSALK9-M15.4(3)S6,TJOES
traders-allenhub-11302999e004.tjoes.remote.hms.cdw.com,ISR4431/K9,router,X86_64_LINUX_IOSD-UNIVERSALK9-M16.4.1,TJOES
mon-vg-1.tjoes.remote.hms.cdw.com,ISR4431/K9,router,X86_64_LINUX_IOSD-UNIVERSALK9-M16.4.2,TJOES
mon-mdf-ir2-4331.tjoes.remote.hms.cdw.com,ISR4331/K9,router,X86_64_LINUX_IOSD-UNIVERSALK9-M16.6.3,TJOES
aftmktbldbrtr.tric.remote.hms.cdw.com,CISCO2901/K9,router,C2900-UNIVERSALK9-M15.3(3)M10,TRIC
rmrtra.tric.remote.hms.cdw.com,ISR4431/K9,router,X86_64_LINUX_IOSD-UNIVERSALK9-M16.5.2,TRIC
btrtra.tric.remote.hms.cdw.com,ISR4431/K9,router,X86_64_LINUX_IOSD-UNIVERSALK9-M16.6.6,TRIC
dal-sw2-c2960.twin.remote.hms.cdw.com,WS-C2960-48PST-S,switch,C2960-LANLITEK9-M12.2(55)SE12,TWIN
dal-sw3-c2960s.twin.remote.hms.cdw.com,WS-C2960S-24PS-L,switch,C2960S-UNIVERSALK9-M12.2(58)SE2,TWIN
chi-sw2-c2960.twin.remote.hms.cdw.com,WS-C2960S-48LPS-L,switch,C2960S-UNIVERSALK9-M15.0(2)SE11,TWIN
c3560cx-irvine-dc.twin.remote.hms.cdw.com,WS-C3560CX-8TC-S,switch,C3560CX-UNIVERSALK9-M15.2(4)E6,TWIN
sdc-vg-01.ulta.remote.hms.cdw.com,CISCO2951/K9,router,C2951-UNIVERSALK9-M15.3(3)M4,ULTA
rtr-nedc-1.ulta.remote.hms.cdw.com,CISCO3945-CHASSIS,router,C3900e-UNIVERSALK9-M15.1(4)M1,ULTA
vg-mwdc-01.ulta.remote.hms.cdw.com,CISCO3945-CHASSIS,router,C3900e-UNIVERSALK9-M15.3(3)M4,ULTA
vg204-mock.ulta.remote.hms.cdw.com,VG204,router,VG20X-IPVOICE-M12.4(22)T5,ULTA
vg224-arbor1.ulta.remote.hms.cdw.com,VG224,router,vg224-I6K9S-M12.4(23),ULTA
vg224-tg-2.ulta.remote.hms.cdw.com,VG224,router,vg224-I6K9S-M12.4(24)T3,ULTA
vg224-nedc.ulta.remote.hms.cdw.com,VG224,router,vg224-I6S-M12.4(24)T5,ULTA
vg224-tg-1.ulta.remote.hms.cdw.com,VG224,router,vg224-I6S-M12.4(7g),ULTA
wdc-vg310-01.ulta.remote.hms.cdw.com,VG310,router,VG3X0-UNIVERSALK9-M15.7(3)M,ULTA
c3650-xfinity-te0406d-svd.umdcp.remote.hms.cdw.com,WS-C3650-24PD,router,CAT3K_CAA-UNIVERSALK9-M16.6.8,UMDCP
r-usabl-nas-2.usabl.remote.hms.cdw.com,CISCO2921/K9,router,C2900-UNIVERSALK9-M15.7(3)M4,USABL
ar01-ccp-ord1.veres.remote.hms.cdw.com,CISCO2951/K9,router,C2951-UNIVERSALK9-M15.5(3)M4a,VERES
s-veres-4500-ord-a.veres.remote.hms.cdw.com,WS-C4500X-16,switch,cat4500e-UNIVERSALK9-M03.04.06.SG,VERES
glw-conveyor-switch.wined.remote.hms.cdw.com,WS-C2950-24,switch,C2950-I6K2L2Q4-M12.1(22)EA13,WINED
sac-dev-uat-switch.wined.remote.hms.cdw.com,WS-C3560G-48TS,switch,C3560-IPSERVICESK9-M12.2(55)SE12,WINED
ibforfl-srst01.yumri.remote.binc.net,CISCO2951/K9,router,C2951-UNIVERSALK9-M15.0(1)M4,YUMRI
ibforfl-sc1.yumri.remote.binc.net,WS-C4506-E,switch,cat4500e-ENTSERVICESK9-M15.2(2)E8,YUMRI
s-sanmgmt-msp-1,WS-C2950-24,switch,C2950-I6Q4L2-M12.1(22)EA6,YUMRI
s-dist-msn-57,WS-C2960G-24TC-L,switch,C2960-LANBASE-M12.2(25)FX,YUMRI
s-vmotion-msp-1,WS-C2960G-24TC-L,switch,C2960-LANBASE-M12.2(25)SEE2,YUMRI
s-dist-msn-100,WS-C2960G-24TC-L,switch,C2960-LANBASEK9-M12.2(50)SE3,YUMRI
s-mgmt-msn-8,WS-C2960G-24TC-L,switch,C2960-LANBASEK9-M12.2(55)SE4,#VALUE!
s-corecu-msn-1,WS-C2960G-24TC-L,switch,C2960-LANBASEK9-M12.2(55)SE6,#VALUE!
s-dist-msn-10,WS-C3560X-24,switch,C3560E-UNIVERSALK9-M12.2(55)SE4,#VALUE!
s-corecu-fit-1,WS-C3560X-24,switch,C3560E-UNIVERSALK9-M15.0(2)SE11,#VALUE!
s-hsa-fit-1,WS-C3560X-24,switch,C3560E-UNIVERSALK9-M15.0(2)SE6,#VALUE!
s-mgmt-msp-11,WS-C3750G-48TS,router,C3750-IPBASE-M12.2(35)SE5,#VALUE!
s-mgmt-msn-10,WS-C3750G-48TS,router,C3750-IPBASEK9-M12.2(50)SE4,#VALUE!
s-mgmt-msp-12,WS-C3750G-48TS,router,C3750-IPBASEK9-M12.2(55)SE10,#VALUE!
s-mgmt-fit-1,WS-C3750G-48TS,router,C3750-IPBASEK9-M15.0(2)SE8,#VALUE!
s-esxcore-msn-3,WS-C3750E-48TD,router,C3750E-UNIVERSAL-M12.2(50)SE3,#VALUE!
s-distms-msn-1,WS-C3750E-24TD,router,C3750E-UNIVERSALK9-M12.2(44)SE6,#VALUE!
s-mgmt-msp-13,WS-C3750E-24TD,router,C3750E-UNIVERSALK9-M12.2(50)SE3,#VALUE!
s-mgmt-ord-1,WS-C3750X-48,router,C3750E-UNIVERSALK9-M12.2(55)SE3,#VALUE!
s-pes-mke-2,ME-3400EG-12CS-M,router,ME340x-METROACCESSK9-M12.2(60)EZ,#VALUE!
s-pes-mke-1,ME-3400EG-12CS-M,router,ME340x-METROACCESSK9-M12.2(60)EZ5,#VALUE!
s-iaas-wan-mke-1,ME-3600X-24TS-M,router,ME360x-UNIVERSALK9-M15.4(3)S1,#VALUE!
r-dc-msp-1,ASR1006,router,X86_64_LINUX_IOSD-ADVENTERPRISEK9-M15.5(3)S8,#VALUE!
r-dc-fit-1,ASR1006,router,X86_64_LINUX_IOSD-ADVIPSERVICESK9-M15.5(3)S4b,#VALUE!
mdf-core-vss.gtcr.remote.binc.net,C6807-XL,routerCatalyst,C6807-XLCatalyst68077-slotbackplane,
chi-6816-core.antar.remote.hms.cdw.com,processor,routerCatalyst,C6816-X-LECatalystC6816-X-LEFixedChassisbackplane,
hou-6840x-core.senre.remote.binc.net,processor,routerCatalyst,C6832-X-LECatalystC6832-X-LEFixedChassisbackplane,
syr-admm1-ms01.hillr.remote.hms.cdw.com,processor,routerCatalyst,C6840-X-LE-40GCatalystC6840-X-LE-40GFixedChassisbackplane,
b30-6800-mmp.hastr.remote.hms.cdw.com,processor,routerCatalyst,C6880-X-LECatalyst68805-slotbackplane,
umd-tyser-t1134-core.umdcp.remote.hms.cdw.com,processor,routerCatalyst,C6880-XCatalyst68805-slotbackplane,
chb-6504e.mayof.remote.hms.cdw.com,WS-C6504-E,routerCatalyst,WS-C6504-ECisco65004-slotbackplane,
cdi-core1.arte.remote.hms.cdw.com,WS-C6506-E,routerCatalyst,WS-C6506-ECatalyst65006-slotbackplane,
noble-backup1-sj2.naes.remote.hms.cdw.com,WS-C6509-E,routerCatalyst,WS-C6509-ECatalyst65009-slotbackplane,
noble-sw1-sj2.naes.remote.hms.cdw.com,WS-C6509,routerCatalyst,WS-C6509Catalyst65009-slotbackplane,
tor6513-core.keena.remote.hms.cdw.com,WS-C6513-E,routerCatalyst,WS-C6513-ECatalyst650013-slotbackplane,
